image_link,description
https://kamondb.com/wp/wp-content/uploads/2019/09/1-8.gif,"
錨"
https://kamondb.com/wp/wp-content/uploads/2019/09/2-8.gif,"
海軍錨"
https://kamondb.com/wp/wp-content/uploads/2019/09/3-4.gif,"
汽船錨"
https://kamondb.com/wp/wp-content/uploads/2019/09/4-4.gif,"
錨片喰"
https://kamondb.com/wp/wp-content/uploads/2019/09/5-4.gif,"
丸に汽船錨"
https://kamondb.com/wp/wp-content/uploads/2019/09/6-3.gif,"
細輪に錨"
https://kamondb.com/wp/wp-content/uploads/2019/09/7-3.gif,"
四つ錨"
https://kamondb.com/wp/wp-content/uploads/2019/09/8-3.gif,"
錨桐"
https://kamondb.com/wp/wp-content/uploads/2019/09/9-4.gif,"
綱付き錨"
https://kamondb.com/wp/wp-content/uploads/2019/09/二つ錨.jpg,"
二つ錨"
https://kamondb.com/wp/wp-content/uploads/2019/09/変わり三つ錨.jpg,"
変わり三つ錨"
https://kamondb.com/wp/wp-content/uploads/2019/10/1-94.gif,"
丸に一つ石"
https://kamondb.com/wp/wp-content/uploads/2019/10/5-69.gif,"
丸に三つ石"
https://kamondb.com/wp/wp-content/uploads/2019/10/4-77.gif,"
丸に四つ石"
https://kamondb.com/wp/wp-content/uploads/2019/10/8-57.gif,"
立て三つ石"
https://kamondb.com/wp/wp-content/uploads/2019/10/2-89.gif,"
三つ石"
https://kamondb.com/wp/wp-content/uploads/2019/10/9-55.gif,"
三つ寄せ石"
https://kamondb.com/wp/wp-content/uploads/2019/10/3-83.gif,"
四つ石"
https://kamondb.com/wp/wp-content/uploads/2019/10/繋ぎ平九つ石.jpg,"
繋ぎ平九つ石"
https://kamondb.com/wp/wp-content/uploads/2019/10/6-67.gif,"
丸に三つ盛り立て石"
https://kamondb.com/wp/wp-content/uploads/2019/10/陰竪三つ石.jpg,"
陰竪三つ石"
https://kamondb.com/wp/wp-content/uploads/2019/10/細中陰四つ石.jpg,"
細中陰四つ石"
https://kamondb.com/wp/wp-content/uploads/2019/10/細中陰四つ石-1.jpg,"
細中陰四つ石"
https://kamondb.com/wp/wp-content/uploads/2019/10/11-53.gif,"
四つ石車"
https://kamondb.com/wp/wp-content/uploads/2019/10/繋ぎ九つ石.jpg,"
繋ぎ九つ石"
https://kamondb.com/wp/wp-content/uploads/2019/10/四つ食い入り石.jpg,"
四つ食い入り石"
https://kamondb.com/wp/wp-content/uploads/2019/10/7-59.gif,"
丸に陰陽立て三つ石"
https://kamondb.com/wp/wp-content/uploads/2019/10/丸に隅立て四つ石.jpg,"
丸に隅立て四つ石"
https://kamondb.com/wp/wp-content/uploads/2019/10/10-55.gif,"
丸に五つ寄せ石"
https://kamondb.com/wp/wp-content/uploads/2019/10/丸に平五つ石.jpg,"
丸に平五つ石"
https://kamondb.com/wp/wp-content/uploads/2019/10/石持ち.jpg,"
石持ち"
https://kamondb.com/wp/wp-content/uploads/2019/10/丸に五つ寄せ石2.jpg,"
丸に五つ寄せ石2"
https://kamondb.com/wp/wp-content/uploads/2019/10/厚輪に隅立て四つ石.jpg,"
厚輪に隅立て四つ石"
https://kamondb.com/wp/wp-content/uploads/2019/10/中輪に六つ積み石-1.jpg,"
中輪に六つ積み石"
https://kamondb.com/wp/wp-content/uploads/2019/10/12-50.gif,"
石持ち地抜き四つ石"
https://kamondb.com/wp/wp-content/uploads/2019/10/細輪に隅合わせ三つ石-1.jpg,"
細輪に隅合わせ三つ石"
https://kamondb.com/wp/wp-content/uploads/2019/10/糸輪に三つ割りの三つ石-1.jpg,"
糸輪に三つ割りの三つ石"
https://kamondb.com/wp/wp-content/uploads/2019/10/糸輪に五つ石-1.jpg,"
糸輪に五つ石"
https://kamondb.com/wp/wp-content/uploads/2019/10/総陰丸に隅立て四つ石.jpg,"
総陰丸に隅立て四つ石"
https://kamondb.com/wp/wp-content/uploads/2019/10/1-96.gif,"
一つ糸巻"
https://kamondb.com/wp/wp-content/uploads/2019/10/2-91.gif,"
重ね糸巻"
https://kamondb.com/wp/wp-content/uploads/2019/10/3-84.gif,"
枠糸巻"
https://kamondb.com/wp/wp-content/uploads/2019/10/4-78.gif,"
むくみ糸巻"
https://kamondb.com/wp/wp-content/uploads/2019/10/5-71.gif,"
三つ枠糸巻き"
https://kamondb.com/wp/wp-content/uploads/2019/10/1-97.gif,"
房付き団扇"
https://kamondb.com/wp/wp-content/uploads/2019/10/2-92.gif,"
丸に一つ団扇"
https://kamondb.com/wp/wp-content/uploads/2019/10/3-85.gif,"
三つ団扇"
https://kamondb.com/wp/wp-content/uploads/2019/10/4-79.gif,"
羽団扇"
https://kamondb.com/wp/wp-content/uploads/2019/10/16-39.gif,"
変わり羽団扇"
https://kamondb.com/wp/wp-content/uploads/2019/10/鷹の羽団扇-1.jpg,"
鷹の羽団扇"
https://kamondb.com/wp/wp-content/uploads/2019/10/5-72.gif,"
唐団扇"
https://kamondb.com/wp/wp-content/uploads/2019/10/10-56.gif,"
中陰唐団扇"
https://kamondb.com/wp/wp-content/uploads/2019/10/6-68.gif,"
軍配唐団扇"
https://kamondb.com/wp/wp-content/uploads/2019/10/三つ唐団扇.jpg,"
三つ唐団扇"
https://kamondb.com/wp/wp-content/uploads/2019/10/12-51.gif,"
剣三つ唐団扇"
https://kamondb.com/wp/wp-content/uploads/2019/10/13-47.gif,"
小幡団扇"
https://kamondb.com/wp/wp-content/uploads/2019/10/7-60.gif,"
組み合わせ枡に唐団扇"
https://kamondb.com/wp/wp-content/uploads/2019/10/8-58.gif,"
丸に唐団扇"
https://kamondb.com/wp/wp-content/uploads/2019/10/9-56.gif,"
丸に並び唐団扇"
https://kamondb.com/wp/wp-content/uploads/2019/10/11-54.gif,"
割り唐団扇"
https://kamondb.com/wp/wp-content/uploads/2019/10/三つ割り房付き唐団扇.jpg,"
三つ割り房付き唐団扇"
https://kamondb.com/wp/wp-content/uploads/2019/10/17-38.gif,"
三つ割り羽団扇"
https://kamondb.com/wp/wp-content/uploads/2019/10/19-36.gif,"
入れ違い割り羽団扇"
https://kamondb.com/wp/wp-content/uploads/2019/10/14-44.gif,"
違い団扇"
https://kamondb.com/wp/wp-content/uploads/2019/10/15-42.gif,"
団扇桐"
https://kamondb.com/wp/wp-content/uploads/2019/10/18-37.gif,"
米津羽団扇"
https://kamondb.com/wp/wp-content/uploads/2019/10/20-34.gif,"
羽団扇蝶"
https://kamondb.com/wp/wp-content/uploads/2019/10/21-33.gif,"
梶の葉団扇"
https://kamondb.com/wp/wp-content/uploads/2019/10/22-34.gif,"
団扇橘"
https://kamondb.com/wp/wp-content/uploads/2019/10/団扇に違い鷹の羽-1.jpg,"
団扇に違い鷹の羽"
https://kamondb.com/wp/wp-content/uploads/2019/10/団扇に違い茶の実-1.jpg,"
団扇に違い茶の実"
https://kamondb.com/wp/wp-content/uploads/2019/10/1-98.gif,"
立烏帽子"
https://kamondb.com/wp/wp-content/uploads/2019/10/2-93.gif,"
公家烏帽子"
https://kamondb.com/wp/wp-content/uploads/2019/10/3-86.gif,"
大将烏帽子"
https://kamondb.com/wp/wp-content/uploads/2019/10/4-80.gif,"
武家烏帽子"
https://kamondb.com/wp/wp-content/uploads/2019/10/丸に三本骨扇.jpg,"
丸に三本骨扇"
https://kamondb.com/wp/wp-content/uploads/2019/10/1-99.gif,"
丸に五本骨扇"
https://kamondb.com/wp/wp-content/uploads/2019/10/19-37.gif,"
丸に七本骨扇"
https://kamondb.com/wp/wp-content/uploads/2019/10/2-94.gif,"
五本骨扇"
https://kamondb.com/wp/wp-content/uploads/2019/10/陰五本骨扇.jpg,"
陰五本骨扇"
https://kamondb.com/wp/wp-content/uploads/2019/10/3-87.gif,"
七本骨扇"
https://kamondb.com/wp/wp-content/uploads/2019/10/4-81.gif,"
房扇"
https://kamondb.com/wp/wp-content/uploads/2019/10/17-39.gif,"
檜扇"
https://kamondb.com/wp/wp-content/uploads/2019/10/陰檜扇.jpg,"
陰檜扇"
https://kamondb.com/wp/wp-content/uploads/2019/10/7-61.gif,"
丸に日の丸扇"
https://kamondb.com/wp/wp-content/uploads/2019/10/5-73.gif,"
丸に房扇"
https://kamondb.com/wp/wp-content/uploads/2019/10/丸に二階扇.jpg,"
丸に二階扇"
https://kamondb.com/wp/wp-content/uploads/2019/10/丸に尻合わせ二つ扇.jpg,"
丸に尻合わせ二つ扇"
https://kamondb.com/wp/wp-content/uploads/2019/10/10-57.gif,"
三つ扇"
https://kamondb.com/wp/wp-content/uploads/2019/10/三つ反り扇.jpg,"
三つ反り扇"
https://kamondb.com/wp/wp-content/uploads/2019/10/13-48.gif,"
並び扇"
https://kamondb.com/wp/wp-content/uploads/2019/10/14-45.gif,"
丸に並び扇"
https://kamondb.com/wp/wp-content/uploads/2019/10/20-35.gif,"
丸に三つ扇"
https://kamondb.com/wp/wp-content/uploads/2019/10/11-55.gif,"
丸に七本骨三つ扇"
https://kamondb.com/wp/wp-content/uploads/2019/10/九本骨三つ雁木扇.jpg,"
九本骨三つ雁木扇"
https://kamondb.com/wp/wp-content/uploads/2019/10/五つ雁木扇車.jpg,"
五つ雁木扇車"
https://kamondb.com/wp/wp-content/uploads/2019/10/6-69.gif,"
佐竹扇"
https://kamondb.com/wp/wp-content/uploads/2019/10/8-59.gif,"
扇に八の字"
https://kamondb.com/wp/wp-content/uploads/2019/10/9-57.gif,"
重ね扇"
https://kamondb.com/wp/wp-content/uploads/2019/10/九つ矢扇.jpg,"
九つ矢扇"
https://kamondb.com/wp/wp-content/uploads/2019/10/29-24.gif,"
横重ね扇"
https://kamondb.com/wp/wp-content/uploads/2019/10/30-24.gif,"
三つ盛り扇"
https://kamondb.com/wp/wp-content/uploads/2019/10/28-25.gif,"
石持ち地抜き扇"
https://kamondb.com/wp/wp-content/uploads/2019/10/三つ日の丸扇.jpg,"
三つ日の丸扇"
https://kamondb.com/wp/wp-content/uploads/2019/10/24-31.gif,"
日の丸三つ反り扇"
https://kamondb.com/wp/wp-content/uploads/2019/10/18-38.gif,"
三つ日の丸雁木扇"
https://kamondb.com/wp/wp-content/uploads/2019/10/12-52.gif,"
渡辺扇"
https://kamondb.com/wp/wp-content/uploads/2019/10/41-16.gif,"
六つ扇"
https://kamondb.com/wp/wp-content/uploads/2019/10/15-43.gif,"
違い扇"
https://kamondb.com/wp/wp-content/uploads/2019/10/五本重ね扇.jpg,"
五本重ね扇"
https://kamondb.com/wp/wp-content/uploads/2019/10/37-18.gif,"
扇井桁"
https://kamondb.com/wp/wp-content/uploads/2019/10/26-29.gif,"
三本重ね扇"
https://kamondb.com/wp/wp-content/uploads/2019/10/25-32.gif,"
三本組み扇"
https://kamondb.com/wp/wp-content/uploads/2019/10/38-18.gif,"
八本扇車"
https://kamondb.com/wp/wp-content/uploads/2019/10/16-40.gif,"
丸に違い扇"
https://kamondb.com/wp/wp-content/uploads/2019/10/22-35.gif,"
丸に三本重ね扇"
https://kamondb.com/wp/wp-content/uploads/2019/10/21-34.gif,"
丸に三本組み扇"
https://kamondb.com/wp/wp-content/uploads/2019/10/36-18.gif,"
中輪に三本扇"
https://kamondb.com/wp/wp-content/uploads/2019/10/糸輪に尻合わせ三本扇-1.jpg,"
糸輪に尻合わせ三本扇"
https://kamondb.com/wp/wp-content/uploads/2019/10/中輪に七本扇の骨-1.jpg,"
中輪に七本扇の骨"
https://kamondb.com/wp/wp-content/uploads/2019/10/中輪に橘違い扇-2.jpg,"
中輪に橘違い扇"
https://kamondb.com/wp/wp-content/uploads/2019/10/23-34.gif,"
丸に檜扇"
https://kamondb.com/wp/wp-content/uploads/2019/10/総陰丸に扇.jpg,"
総陰丸に扇"
https://kamondb.com/wp/wp-content/uploads/2019/10/五本扇の骨.jpg,"
五本扇の骨"
https://kamondb.com/wp/wp-content/uploads/2019/10/骨扇.jpg,"
骨扇"
https://kamondb.com/wp/wp-content/uploads/2019/10/四本扇菱-1.jpg,"
四本扇菱"
https://kamondb.com/wp/wp-content/uploads/2019/10/31-24.gif,"
反り扇"
https://kamondb.com/wp/wp-content/uploads/2019/10/32-22.gif,"
雁木反り扇"
https://kamondb.com/wp/wp-content/uploads/2019/10/五つ矢扇.jpg,"
五つ矢扇"
https://kamondb.com/wp/wp-content/uploads/2019/10/七本骨雁木扇.jpg,"
七本骨雁木扇"
https://kamondb.com/wp/wp-content/uploads/2019/10/折り目雁木扇.jpg,"
折り目雁木扇"
https://kamondb.com/wp/wp-content/uploads/2019/10/扇菱-1.jpg,"
扇菱"
https://kamondb.com/wp/wp-content/uploads/2019/10/扇に桜-1.jpg,"
扇に桜"
https://kamondb.com/wp/wp-content/uploads/2019/10/扇に地抜き丸に釘抜き.jpg,"
扇に地抜き丸に釘抜き"
https://kamondb.com/wp/wp-content/uploads/2019/10/扇に地抜き釘抜き.jpg,"
扇に地抜き釘抜き"
https://kamondb.com/wp/wp-content/uploads/2019/10/日の丸雁木扇.jpg,"
日の丸雁木扇"
https://kamondb.com/wp/wp-content/uploads/2019/10/入れ違い扇.jpg,"
入れ違い扇"
https://kamondb.com/wp/wp-content/uploads/2019/10/扇片喰-1.jpg,"
扇片喰"
https://kamondb.com/wp/wp-content/uploads/2019/10/反り亀甲に扇-1.jpg,"
反り亀甲に扇"
https://kamondb.com/wp/wp-content/uploads/2019/10/半開き違い扇.jpg,"
半開き違い扇"
https://kamondb.com/wp/wp-content/uploads/2019/10/34-18.gif,"
浮線扇"
https://kamondb.com/wp/wp-content/uploads/2019/10/33-18.gif,"
扇揚羽蝶"
https://kamondb.com/wp/wp-content/uploads/2019/10/変わり扇蝶-1.jpg,"
変わり扇蝶"
https://kamondb.com/wp/wp-content/uploads/2019/10/変わり浮線扇.jpg,"
変わり浮線扇"
https://kamondb.com/wp/wp-content/uploads/2019/10/扇胡蝶-1.jpg,"
扇胡蝶"
https://kamondb.com/wp/wp-content/uploads/2019/10/扇蝶花形-1.jpg,"
扇蝶花形"
https://kamondb.com/wp/wp-content/uploads/2019/10/中開き三本扇.jpg,"
中開き三本扇"
https://kamondb.com/wp/wp-content/uploads/2019/10/五つ追い重ね末広扇.jpg,"
五つ追い重ね末広扇"
https://kamondb.com/wp/wp-content/uploads/2019/10/35-18.gif,"
三つ追い雁木扇"
https://kamondb.com/wp/wp-content/uploads/2019/10/39-17.gif,"
五つ捻じ扇"
https://kamondb.com/wp/wp-content/uploads/2019/10/高崎扇.jpg,"
高崎扇"
https://kamondb.com/wp/wp-content/uploads/2019/10/重ね合わせ三つ雁木扇.jpg,"
重ね合わせ三つ雁木扇"
https://kamondb.com/wp/wp-content/uploads/2019/10/42-17.gif,"
浅野扇"
https://kamondb.com/wp/wp-content/uploads/2019/10/27-27.gif,"
下がり藤に五本骨扇"
https://kamondb.com/wp/wp-content/uploads/2019/10/40-18.gif,"
扇輪"
https://kamondb.com/wp/wp-content/uploads/2019/10/二つ雁木扇の丸.jpg,"
二つ雁木扇の丸"
https://kamondb.com/wp/wp-content/uploads/2019/10/細輪に三つ組み半開き扇-1.jpg,"
細輪に三つ組み半開き扇"
https://kamondb.com/wp/wp-content/uploads/2019/10/2-95.gif,"
三つ違い櫂"
https://kamondb.com/wp/wp-content/uploads/2019/10/1-100.gif,"
丸に違い櫂"
https://kamondb.com/wp/wp-content/uploads/2019/10/丸に違い櫂2.jpg,"
丸に違い櫂2"
https://kamondb.com/wp/wp-content/uploads/2019/10/丸に三つ組み櫂.jpg,"
丸に三つ組み櫂"
https://kamondb.com/wp/wp-content/uploads/2019/10/三つ組み折り櫂.jpg,"
三つ組み折り櫂"
https://kamondb.com/wp/wp-content/uploads/2019/10/三つ追い重ね櫂.jpg,"
三つ追い重ね櫂"
https://kamondb.com/wp/wp-content/uploads/2019/10/菱に違い櫂に十-1.jpg,"
菱に違い櫂に十"
https://kamondb.com/wp/wp-content/uploads/2019/10/1-101.gif,"
丸に三つ鏡"
https://kamondb.com/wp/wp-content/uploads/2019/10/御鏡に杉-1.jpg,"
御鏡に杉"
https://kamondb.com/wp/wp-content/uploads/2019/10/1-102.gif,"
笠"
https://kamondb.com/wp/wp-content/uploads/2019/10/2-96.gif,"
丸に笠"
https://kamondb.com/wp/wp-content/uploads/2019/10/7-62.gif,"
中輪に房付き笠"
https://kamondb.com/wp/wp-content/uploads/2019/10/3-88.gif,"
三階笠"
https://kamondb.com/wp/wp-content/uploads/2019/10/8-60.gif,"
中輪に房付き二階笠"
https://kamondb.com/wp/wp-content/uploads/2019/10/4-82.gif,"
三つ寄せ笠"
https://kamondb.com/wp/wp-content/uploads/2019/10/5-74.gif,"
丸に切り竹笹に笠"
https://kamondb.com/wp/wp-content/uploads/2019/10/6-70.gif,"
丸に変わり切り竹笹に笠"
https://kamondb.com/wp/wp-content/uploads/2019/10/13-49.gif,"
頭合わせ三つ笠"
https://kamondb.com/wp/wp-content/uploads/2019/10/9-58.gif,"
五つ市女笠"
https://kamondb.com/wp/wp-content/uploads/2019/10/10-58.gif,"
丸に陣笠"
https://kamondb.com/wp/wp-content/uploads/2019/10/12-53.gif,"
建部笠"
https://kamondb.com/wp/wp-content/uploads/2019/10/11-56.gif,"
柳生笠"
https://kamondb.com/wp/wp-content/uploads/2019/10/1-69.gif,"
丸に違い舵"
https://kamondb.com/wp/wp-content/uploads/2019/10/2-90.gif,"
丸に一つ舵"
https://kamondb.com/wp/wp-content/uploads/2019/10/3-89.gif,"
糸輪に三つ舵"
https://kamondb.com/wp/wp-content/uploads/2019/10/1-95.gif,"
かせ木"
https://kamondb.com/wp/wp-content/uploads/2019/10/かせ木四つ目菱-1.jpg,"
かせ木四つ目菱"
https://kamondb.com/wp/wp-content/uploads/2019/10/角かせ木-1.jpg,"
角かせ木"
https://kamondb.com/wp/wp-content/uploads/2019/10/2-97.gif,"
四つ金輪"
https://kamondb.com/wp/wp-content/uploads/2019/10/四つ組み金輪.jpg,"
四つ組み金輪"
https://kamondb.com/wp/wp-content/uploads/2019/10/五つ組み金輪.jpg,"
五つ組み金輪"
https://kamondb.com/wp/wp-content/uploads/2019/10/1-103.gif,"
三つ繋ぎ金輪"
https://kamondb.com/wp/wp-content/uploads/2019/10/金輪崩し.jpg,"
金輪崩し"
https://kamondb.com/wp/wp-content/uploads/2019/10/守山金輪.jpg,"
守山金輪"
https://kamondb.com/wp/wp-content/uploads/2019/10/丸に細身四つ金輪.jpg,"
丸に細身四つ金輪"
https://kamondb.com/wp/wp-content/uploads/2019/10/毛輪に十曜金輪違い.jpg,"
毛輪に十曜金輪違い"
https://kamondb.com/wp/wp-content/uploads/2019/10/五つ金輪巴-1.jpg,"
五つ金輪巴"
https://kamondb.com/wp/wp-content/uploads/2019/10/右金輪巴-1.jpg,"
右金輪巴"
https://kamondb.com/wp/wp-content/uploads/2019/10/左金輪巴-1.jpg,"
左金輪巴"
https://kamondb.com/wp/wp-content/uploads/2019/10/花形金輪.jpg,"
花形金輪"
https://kamondb.com/wp/wp-content/uploads/2019/10/金輪雁金-1.jpg,"
金輪雁金"
https://kamondb.com/wp/wp-content/uploads/2019/10/金輪丁子巴-1.jpg,"
金輪丁子巴"
https://kamondb.com/wp/wp-content/uploads/2019/11/曲尺.jpg,"
曲尺"
https://kamondb.com/wp/wp-content/uploads/2019/11/中輪に曲尺.jpg,"
中輪に曲尺"
https://kamondb.com/wp/wp-content/uploads/2019/11/一つ鎌.jpg,"
一つ鎌"
https://kamondb.com/wp/wp-content/uploads/2019/11/丸に違い鎌.jpg,"
丸に違い鎌"
https://kamondb.com/wp/wp-content/uploads/2019/11/三つ組み鎌.jpg,"
三つ組み鎌"
https://kamondb.com/wp/wp-content/uploads/2019/11/四つ鎌車.jpg,"
四つ鎌車"
https://kamondb.com/wp/wp-content/uploads/2019/11/四つ鎌角.jpg,"
四つ鎌角"
https://kamondb.com/wp/wp-content/uploads/2019/11/四つ追い鎌.jpg,"
四つ追い鎌"
https://kamondb.com/wp/wp-content/uploads/2019/11/入れ違い鎌.jpg,"
入れ違い鎌"
https://kamondb.com/wp/wp-content/uploads/2019/11/五つ鎌車.jpg,"
五つ鎌車"
https://kamondb.com/wp/wp-content/uploads/2019/10/五つ結び釜敷き.jpg,"
五つ結び釜敷き"
https://kamondb.com/wp/wp-content/uploads/2019/10/六つ結び釜敷き.jpg,"
六つ結び釜敷き"
https://kamondb.com/wp/wp-content/uploads/2019/10/六つ組み釜敷き.jpg,"
六つ組み釜敷き"
https://kamondb.com/wp/wp-content/uploads/2019/10/1-104.gif,"
釜敷き梅鉢"
https://kamondb.com/wp/wp-content/uploads/2019/10/2-98.gif,"
変わり釜敷七曜"
https://kamondb.com/wp/wp-content/uploads/2019/10/3-90.gif,"
七つ結び釜敷き"
https://kamondb.com/wp/wp-content/uploads/2019/10/4-83.gif,"
釜敷き七曜"
https://kamondb.com/wp/wp-content/uploads/2019/10/5-70.gif,"
釜敷き九曜"
https://kamondb.com/wp/wp-content/uploads/2019/10/6-71.gif,"
糸輪に釜敷き十曜"
https://kamondb.com/wp/wp-content/uploads/2019/10/7-63.gif,"
籠目七つ釜敷き"
https://kamondb.com/wp/wp-content/uploads/2019/10/釜敷き桜-1.jpg,"
釜敷き桜"
https://kamondb.com/wp/wp-content/uploads/2019/10/変わり釜敷き桔梗-1.jpg,"
変わり釜敷き桔梗"
https://kamondb.com/wp/wp-content/uploads/2019/10/9-59.gif,"
釜敷き山桜"
https://kamondb.com/wp/wp-content/uploads/2019/10/細釜敷き桔梗-1.jpg,"
細釜敷き桔梗"
https://kamondb.com/wp/wp-content/uploads/2019/10/雪形釜敷き-1.jpg,"
雪形釜敷き"
https://kamondb.com/wp/wp-content/uploads/2019/10/8-61.gif,"
畳釜敷き"
https://kamondb.com/wp/wp-content/uploads/2019/10/日向釜敷き.jpg,"
日向釜敷き"
https://kamondb.com/wp/wp-content/uploads/2019/10/五つ鐶.jpg,"
五つ鐶"
https://kamondb.com/wp/wp-content/uploads/2019/10/鐶輪.jpg,"
鐶輪"
https://kamondb.com/wp/wp-content/uploads/2019/10/三つ組み鐶.jpg,"
三つ組み鐶"
https://kamondb.com/wp/wp-content/uploads/2019/10/五つ鐶に三つ鱗.jpg,"
五つ鐶に三つ鱗"
https://kamondb.com/wp/wp-content/uploads/2019/10/2-99.gif,"
五つ鐶に桔梗"
https://kamondb.com/wp/wp-content/uploads/2019/10/五つ鐶に分銅.jpg,"
五つ鐶に分銅"
https://kamondb.com/wp/wp-content/uploads/2019/10/五つ鐶に三つ巴-1.jpg,"
五つ鐶に三つ巴"
https://kamondb.com/wp/wp-content/uploads/2019/10/3-91.gif,"
六つ鐶に橘"
https://kamondb.com/wp/wp-content/uploads/2019/10/五つ鐶輪に桜-1.jpg,"
五つ鐶輪に桜"
https://kamondb.com/wp/wp-content/uploads/2019/10/細五つ鐶輪に唐花-1.jpg,"
細五つ鐶輪に唐花"
https://kamondb.com/wp/wp-content/uploads/2019/10/八つ鐶に九枚笹-1.jpg,"
八つ鐶に九枚笹"
https://kamondb.com/wp/wp-content/uploads/2019/10/四つ鐶の内に木瓜-1.jpg,"
四つ鐶の内に木瓜"
https://kamondb.com/wp/wp-content/uploads/2019/10/四つ鐶輪に豆四つ目-1.jpg,"
四つ鐶輪に豆四つ目"
https://kamondb.com/wp/wp-content/uploads/2019/10/八つ鐶に十六菊-1.jpg,"
八つ鐶に十六菊"
https://kamondb.com/wp/wp-content/uploads/2019/10/平外六つ鐶に槌.jpg,"
平外六つ鐶に槌"
https://kamondb.com/wp/wp-content/uploads/2019/10/7-64.gif,"
鐶木瓜"
https://kamondb.com/wp/wp-content/uploads/2019/10/5-75.gif,"
唐鐶木瓜"
https://kamondb.com/wp/wp-content/uploads/2019/10/鐶木瓜に花菱-3.jpg,"
鐶木瓜に花菱"
https://kamondb.com/wp/wp-content/uploads/2019/10/鐶片喰-1.jpg,"
鐶片喰"
https://kamondb.com/wp/wp-content/uploads/2019/10/鐶桜-1.jpg,"
鐶桜"
https://kamondb.com/wp/wp-content/uploads/2019/10/外鐶桜-1.jpg,"
外鐶桜"
https://kamondb.com/wp/wp-content/uploads/2019/10/8-62.gif,"
外三つ鐶"
https://kamondb.com/wp/wp-content/uploads/2019/10/外四つ鐶.jpg,"
外四つ鐶"
https://kamondb.com/wp/wp-content/uploads/2019/10/外五つ鐶.jpg,"
外五つ鐶"
https://kamondb.com/wp/wp-content/uploads/2019/10/13-50.gif,"
外六つ鐶"
https://kamondb.com/wp/wp-content/uploads/2019/10/11-57.gif,"
外四つ鐶菱"
https://kamondb.com/wp/wp-content/uploads/2019/10/12-54.gif,"
尖り鐶菱"
https://kamondb.com/wp/wp-content/uploads/2019/10/9-60.gif,"
三つ唐鐶"
https://kamondb.com/wp/wp-content/uploads/2019/10/10-59.gif,"
外三つ唐鐶"
https://kamondb.com/wp/wp-content/uploads/2019/10/繋ぎ三つ組み鐶.jpg,"
繋ぎ三つ組み鐶"
https://kamondb.com/wp/wp-content/uploads/2019/10/外四つ鐶に釘抜き.jpg,"
外四つ鐶に釘抜き"
https://kamondb.com/wp/wp-content/uploads/2019/10/外六つ鐶に丸に釘抜き.jpg,"
外六つ鐶に丸に釘抜き"
https://kamondb.com/wp/wp-content/uploads/2019/10/外六つ鐶輪に片喰-1.jpg,"
外六つ鐶輪に片喰"
https://kamondb.com/wp/wp-content/uploads/2019/10/丸に四つ鐶.jpg,"
丸に四つ鐶"
https://kamondb.com/wp/wp-content/uploads/2019/10/6-72.gif,"
丸に鐶木瓜"
https://kamondb.com/wp/wp-content/uploads/2019/10/4-84.gif,"
丸に四つ鐶一つ巴"
https://kamondb.com/wp/wp-content/uploads/2019/10/1-105.gif,"
丸に四つ鐶に四つ目"
https://kamondb.com/wp/wp-content/uploads/2019/10/隅切り角に外四つ鐶-1.jpg,"
隅切り角に外四つ鐶"
https://kamondb.com/wp/wp-content/uploads/2019/10/細輪に鐶片喰-2.jpg,"
細輪に鐶片喰"
https://kamondb.com/wp/wp-content/uploads/2019/10/鐶雀-1.jpg,"
鐶雀"
https://kamondb.com/wp/wp-content/uploads/2019/10/木瓜形四つ鐶-1.jpg,"
木瓜形四つ鐶"
https://kamondb.com/wp/wp-content/uploads/2019/10/光琳鐶松-1.jpg,"
光琳鐶松"
https://kamondb.com/wp/wp-content/uploads/2019/10/光琳鐶桐-1.jpg,"
光琳鐶桐"
https://kamondb.com/wp/wp-content/uploads/2019/10/六條鐶.jpg,"
六條鐶"
https://kamondb.com/wp/wp-content/uploads/2019/10/唐鐶木瓜2-1.jpg,"
唐鐶木瓜2"
https://kamondb.com/wp/wp-content/uploads/2019/10/4-86.gif,"
丸に右上筋違い二つ木"
https://kamondb.com/wp/wp-content/uploads/2019/10/12-55.gif,"
丸に三つ割り二つ木"
https://kamondb.com/wp/wp-content/uploads/2019/10/16-41.gif,"
六つ組木"
https://kamondb.com/wp/wp-content/uploads/2019/10/陰山形に二木-1.jpg,"
陰山形に二木"
https://kamondb.com/wp/wp-content/uploads/2019/10/3-93.gif,"
組み違い木"
https://kamondb.com/wp/wp-content/uploads/2019/10/15-44.gif,"
変わり組木"
https://kamondb.com/wp/wp-content/uploads/2019/10/2-101.gif,"
丹羽違い木"
https://kamondb.com/wp/wp-content/uploads/2019/10/丸に一つ杵.jpg,"
丸に一つ杵"
https://kamondb.com/wp/wp-content/uploads/2019/10/3-94.gif,"
丸に並び杵"
https://kamondb.com/wp/wp-content/uploads/2019/10/5-77.gif,"
丸に三つ並び杵"
https://kamondb.com/wp/wp-content/uploads/2019/10/2-102.gif,"
丸に違い杵"
https://kamondb.com/wp/wp-content/uploads/2019/10/糸輪に十字杵-1.jpg,"
糸輪に十字杵"
https://kamondb.com/wp/wp-content/uploads/2019/10/4-87.gif,"
丸に変わり杵"
https://kamondb.com/wp/wp-content/uploads/2019/10/十字杵.jpg,"
十字杵"
https://kamondb.com/wp/wp-content/uploads/2019/10/1-107.gif,"
違い杵"
https://kamondb.com/wp/wp-content/uploads/2019/10/7-66.gif,"
杵井筒"
https://kamondb.com/wp/wp-content/uploads/2019/10/6-74.gif,"
杵菱"
https://kamondb.com/wp/wp-content/uploads/2019/10/3-95.gif,"
抱き杏葉"
https://kamondb.com/wp/wp-content/uploads/2019/10/2-103.gif,"
抱き花杏葉"
https://kamondb.com/wp/wp-content/uploads/2019/10/変わり抱き杏葉.jpg,"
変わり抱き杏葉"
https://kamondb.com/wp/wp-content/uploads/2019/10/6-75.gif,"
陰抱き杏葉"
https://kamondb.com/wp/wp-content/uploads/2019/10/5-78.gif,"
丸に抱き花杏葉"
https://kamondb.com/wp/wp-content/uploads/2019/10/8-64.gif,"
丸に一つ花杏葉"
https://kamondb.com/wp/wp-content/uploads/2019/10/糸輪に抱き花杏葉-1.jpg,"
糸輪に抱き花杏葉"
https://kamondb.com/wp/wp-content/uploads/2019/10/7-67.gif,"
石持ち地抜き抱き杏葉"
https://kamondb.com/wp/wp-content/uploads/2019/10/三つ盛り抱き杏葉.jpg,"
三つ盛り抱き杏葉"
https://kamondb.com/wp/wp-content/uploads/2019/10/11-58.gif,"
組み合い角に花杏葉"
https://kamondb.com/wp/wp-content/uploads/2019/10/隅切り角に抱き花杏葉-1.jpg,"
隅切り角に抱き花杏葉"
https://kamondb.com/wp/wp-content/uploads/2019/10/陰抱き花杏葉.jpg,"
陰抱き花杏葉"
https://kamondb.com/wp/wp-content/uploads/2019/10/1-108.gif,"
杏葉牡丹"
https://kamondb.com/wp/wp-content/uploads/2019/10/杏葉花菱-1.jpg,"
杏葉花菱"
https://kamondb.com/wp/wp-content/uploads/2019/10/杏葉桔梗-1.jpg,"
杏葉桔梗"
https://kamondb.com/wp/wp-content/uploads/2019/10/杏葉橘-1.jpg,"
杏葉橘"
https://kamondb.com/wp/wp-content/uploads/2019/10/杏葉鉄線-1.jpg,"
杏葉鉄線"
https://kamondb.com/wp/wp-content/uploads/2019/10/杏葉藤-1.jpg,"
杏葉藤"
https://kamondb.com/wp/wp-content/uploads/2019/10/杏葉楓-1.jpg,"
杏葉楓"
https://kamondb.com/wp/wp-content/uploads/2019/10/杏葉竜胆-1.jpg,"
杏葉竜胆"
https://kamondb.com/wp/wp-content/uploads/2019/10/園抱き杏葉.jpg,"
園抱き杏葉"
https://kamondb.com/wp/wp-content/uploads/2019/10/花陰杏葉牡丹-1.jpg,"
花陰杏葉牡丹"
https://kamondb.com/wp/wp-content/uploads/2019/10/花菱付き抱き杏葉-1.jpg,"
花菱付き抱き杏葉"
https://kamondb.com/wp/wp-content/uploads/2019/10/橘杏葉-1.jpg,"
橘杏葉"
https://kamondb.com/wp/wp-content/uploads/2019/10/細中陰杏葉牡丹-1.jpg,"
細中陰杏葉牡丹"
https://kamondb.com/wp/wp-content/uploads/2019/10/石持ち地抜き杏葉牡丹-1.jpg,"
石持ち地抜き杏葉牡丹"
https://kamondb.com/wp/wp-content/uploads/2019/10/葉陰杏葉牡丹-1.jpg,"
葉陰杏葉牡丹"
https://kamondb.com/wp/wp-content/uploads/2019/10/変わり杏葉花菱-1.jpg,"
変わり杏葉花菱"
https://kamondb.com/wp/wp-content/uploads/2019/10/裏杏葉牡丹-1.jpg,"
裏杏葉牡丹"
https://kamondb.com/wp/wp-content/uploads/2019/10/太輪に違い花杏葉.jpg,"
太輪に違い花杏葉"
https://kamondb.com/wp/wp-content/uploads/2019/10/一の字に抱き花杏葉.jpg,"
一の字に抱き花杏葉"
https://kamondb.com/wp/wp-content/uploads/2019/10/10-60.gif,"
花杏葉巴"
https://kamondb.com/wp/wp-content/uploads/2019/10/9-61.gif,"
三つ割り杏葉"
https://kamondb.com/wp/wp-content/uploads/2019/10/六つ杏葉車.jpg,"
六つ杏葉車"
https://kamondb.com/wp/wp-content/uploads/2019/10/抱き杏葉菱-1.jpg,"
抱き杏葉菱"
https://kamondb.com/wp/wp-content/uploads/2019/10/4-88.gif,"
鍋島花杏葉"
https://kamondb.com/wp/wp-content/uploads/2019/10/別所花杏葉.jpg,"
別所花杏葉"
https://kamondb.com/wp/wp-content/uploads/2019/10/藪杏葉.jpg,"
藪杏葉"
https://kamondb.com/wp/wp-content/uploads/2019/10/浄土宗抱き花杏葉.jpg,"
浄土宗抱き花杏葉"
https://kamondb.com/wp/wp-content/uploads/2019/10/小城花杏葉.jpg,"
小城花杏葉"
https://kamondb.com/wp/wp-content/uploads/2019/10/高野杏葉.jpg,"
高野杏葉"
https://kamondb.com/wp/wp-content/uploads/2019/10/2-104.gif,"
釘抜き"
https://kamondb.com/wp/wp-content/uploads/2019/10/11-59.gif,"
石持ち地抜き釘抜き"
https://kamondb.com/wp/wp-content/uploads/2019/10/3-96.gif,"
丸に釘抜き"
https://kamondb.com/wp/wp-content/uploads/2019/10/7-68.gif,"
丸に違い釘抜き"
https://kamondb.com/wp/wp-content/uploads/2019/10/5-79.gif,"
丸に陰陽違い釘抜き"
https://kamondb.com/wp/wp-content/uploads/2019/10/8-65.gif,"
糸輪に違い釘抜き"
https://kamondb.com/wp/wp-content/uploads/2019/10/9-62.gif,"
違い釘抜き"
https://kamondb.com/wp/wp-content/uploads/2019/10/4-89.gif,"
陰陽違い釘抜き"
https://kamondb.com/wp/wp-content/uploads/2019/10/釘抜き菱-1.jpg,"
釘抜き菱"
https://kamondb.com/wp/wp-content/uploads/2019/10/折れ釘抜き.jpg,"
折れ釘抜き"
https://kamondb.com/wp/wp-content/uploads/2019/10/三つ釘抜きに閂.jpg,"
三つ釘抜きに閂"
https://kamondb.com/wp/wp-content/uploads/2019/10/扇に地抜き釘抜き-1.jpg,"
扇に地抜き釘抜き"
https://kamondb.com/wp/wp-content/uploads/2019/10/丸に重ね釘抜き.jpg,"
丸に重ね釘抜き"
https://kamondb.com/wp/wp-content/uploads/2019/10/丸に三つ割り釘抜き.jpg,"
丸に三つ割り釘抜き"
https://kamondb.com/wp/wp-content/uploads/2019/10/12-56.gif,"
三つ盛り丸に釘抜き"
https://kamondb.com/wp/wp-content/uploads/2019/10/外四つ鐶に釘抜き-1.jpg,"
外四つ鐶に釘抜き"
https://kamondb.com/wp/wp-content/uploads/2019/10/外六つ鐶に丸に釘抜き-1.jpg,"
外六つ鐶に丸に釘抜き"
https://kamondb.com/wp/wp-content/uploads/2019/10/梃釘抜き.jpg,"
梃釘抜き"
https://kamondb.com/wp/wp-content/uploads/2019/10/10-61.gif,"
丸に洲浜に釘抜き"
https://kamondb.com/wp/wp-content/uploads/2019/10/扇に地抜き丸に釘抜き-1.jpg,"
扇に地抜き丸に釘抜き"
https://kamondb.com/wp/wp-content/uploads/2019/10/6-76.gif,"
丸に梃釘抜き菱"
https://kamondb.com/wp/wp-content/uploads/2019/10/13-51.gif,"
丸に一つ釘抜き"
https://kamondb.com/wp/wp-content/uploads/2019/10/抱き鷹の羽に釘抜き-1.jpg,"
抱き鷹の羽に釘抜き"
https://kamondb.com/wp/wp-content/uploads/2019/10/14-46.gif,"
二つ違い釘抜き"
https://kamondb.com/wp/wp-content/uploads/2019/10/1-109.gif,"
平井筒に釘抜き"
https://kamondb.com/wp/wp-content/uploads/2019/10/一柳釘抜き.jpg,"
一柳釘抜き"
https://kamondb.com/wp/wp-content/uploads/2019/10/1-110.gif,"
轡"
https://kamondb.com/wp/wp-content/uploads/2019/10/陰轡.jpg,"
陰轡"
https://kamondb.com/wp/wp-content/uploads/2019/10/太轡.jpg,"
太轡"
https://kamondb.com/wp/wp-content/uploads/2019/10/4-90.gif,"
隅立て轡"
https://kamondb.com/wp/wp-content/uploads/2019/10/2-105.gif,"
中輪に轡"
https://kamondb.com/wp/wp-content/uploads/2019/10/丸に出轡.jpg,"
丸に出轡"
https://kamondb.com/wp/wp-content/uploads/2019/10/7-69.gif,"
花轡"
https://kamondb.com/wp/wp-content/uploads/2019/10/糸輪に五角井筒に轡-2.jpg,"
糸輪に五角井筒に轡"
https://kamondb.com/wp/wp-content/uploads/2019/10/6-77.gif,"
雪持ち轡"
https://kamondb.com/wp/wp-content/uploads/2019/10/9-63.gif,"
轡菱"
https://kamondb.com/wp/wp-content/uploads/2019/10/10-62.gif,"
陰轡菱"
https://kamondb.com/wp/wp-content/uploads/2019/10/持ち合い轡.jpg,"
持ち合い轡"
https://kamondb.com/wp/wp-content/uploads/2019/10/三つ盛り轡.jpg,"
三つ盛り轡"
https://kamondb.com/wp/wp-content/uploads/2019/10/5-80.gif,"
三つ捻じ轡"
https://kamondb.com/wp/wp-content/uploads/2019/10/重ね角轡.jpg,"
重ね角轡"
https://kamondb.com/wp/wp-content/uploads/2019/10/11-60.gif,"
三つ重ね轡"
https://kamondb.com/wp/wp-content/uploads/2019/10/12-57.gif,"
三つ轡菱"
https://kamondb.com/wp/wp-content/uploads/2019/10/轡に梅鉢-1.jpg,"
轡に梅鉢"
https://kamondb.com/wp/wp-content/uploads/2019/10/万字轡.jpg,"
万字轡"
https://kamondb.com/wp/wp-content/uploads/2019/10/月輪に豆轡-1.jpg,"
月輪に豆轡"
https://kamondb.com/wp/wp-content/uploads/2019/10/八角轡.jpg,"
八角轡"
https://kamondb.com/wp/wp-content/uploads/2019/10/8-66.gif,"
角轡"
https://kamondb.com/wp/wp-content/uploads/2019/10/3-97.gif,"
内田轡"
https://kamondb.com/wp/wp-content/uploads/2019/10/寺阪轡.jpg,"
寺阪轡"
https://kamondb.com/wp/wp-content/uploads/2019/10/来留子.jpg,"
四つ子持ち花来留子"
https://kamondb.com/wp/wp-content/uploads/2019/10/1-111.gif,"
十字来留子"
https://kamondb.com/wp/wp-content/uploads/2019/10/5-81.gif,"
花久留子"
https://kamondb.com/wp/wp-content/uploads/2019/10/3-98.gif,"
角花久留子"
https://kamondb.com/wp/wp-content/uploads/2019/10/2-106.gif,"
切り竹来留子"
https://kamondb.com/wp/wp-content/uploads/2019/10/三つ来留子.jpg,"
三つ来留子"
https://kamondb.com/wp/wp-content/uploads/2019/10/6-78.gif,"
変わり久留子菱"
https://kamondb.com/wp/wp-content/uploads/2019/10/来留子菱-1.jpg,"
来留子菱"
https://kamondb.com/wp/wp-content/uploads/2019/10/4-91.gif,"
中川久留子"
https://kamondb.com/wp/wp-content/uploads/2019/10/1-112.gif,"
源氏車"
https://kamondb.com/wp/wp-content/uploads/2019/10/陰源氏車.jpg,"
陰源氏車"
https://kamondb.com/wp/wp-content/uploads/2019/10/7-70.gif,"
丸に源氏車"
https://kamondb.com/wp/wp-content/uploads/2019/10/変わり源氏車.jpg,"
変わり源氏車"
https://kamondb.com/wp/wp-content/uploads/2019/10/2-107.gif,"
六本源氏車"
https://kamondb.com/wp/wp-content/uploads/2019/10/七本源氏車.jpg,"
七本源氏車"
https://kamondb.com/wp/wp-content/uploads/2019/10/源氏車に矢.jpg,"
源氏車に矢"
https://kamondb.com/wp/wp-content/uploads/2019/10/六本源氏車に巴-1.jpg,"
六本源氏車に巴"
https://kamondb.com/wp/wp-content/uploads/2019/10/6-79.gif,"
源氏輪に二つ切り竹"
https://kamondb.com/wp/wp-content/uploads/2019/10/花藤車-1.jpg,"
花藤車"
https://kamondb.com/wp/wp-content/uploads/2019/10/風車.jpg,"
風車"
https://kamondb.com/wp/wp-content/uploads/2019/10/4-92.gif,"
生駒車"
https://kamondb.com/wp/wp-content/uploads/2019/10/3-99.gif,"
榊原源氏車"
https://kamondb.com/wp/wp-content/uploads/2019/10/5-82.gif,"
中川車"
https://kamondb.com/wp/wp-content/uploads/2019/10/5-83.gif,"
三つ鍬形"
https://kamondb.com/wp/wp-content/uploads/2019/10/三つ組鍬形.jpg,"
三つ組鍬形"
https://kamondb.com/wp/wp-content/uploads/2019/10/6-80.gif,"
三つ違い鍬形"
https://kamondb.com/wp/wp-content/uploads/2019/10/7-71.gif,"
紀州鍬形"
https://kamondb.com/wp/wp-content/uploads/2019/10/3-100.gif,"
違い鍬形"
https://kamondb.com/wp/wp-content/uploads/2019/10/1-113.gif,"
星付き鍬形"
https://kamondb.com/wp/wp-content/uploads/2019/10/丸に三つ星付き鍬形.jpg,"
丸に三つ星付き鍬形"
https://kamondb.com/wp/wp-content/uploads/2019/10/五つ鍬形崩し.jpg,"
五つ鍬形崩し"
https://kamondb.com/wp/wp-content/uploads/2019/10/2-108.gif,"
鍬形に二つ巴"
https://kamondb.com/wp/wp-content/uploads/2019/10/4-93.gif,"
鍬形菱"
https://kamondb.com/wp/wp-content/uploads/2019/10/三つ剣.jpg,"
三つ剣"
https://kamondb.com/wp/wp-content/uploads/2019/10/五つ剣.jpg,"
五つ剣"
https://kamondb.com/wp/wp-content/uploads/2019/10/58-6.gif,"
六つ剣"
https://kamondb.com/wp/wp-content/uploads/2019/10/27-23.gif,"
四つ剣菱"
https://kamondb.com/wp/wp-content/uploads/2019/10/変わり三つ剣.jpg,"
変わり三つ剣"
https://kamondb.com/wp/wp-content/uploads/2019/10/28-22.gif,"
八つ剣菱"
https://kamondb.com/wp/wp-content/uploads/2019/10/8-67.gif,"
剣片喰"
https://kamondb.com/wp/wp-content/uploads/2019/10/21-35.gif,"
総陰の剣片喰"
https://kamondb.com/wp/wp-content/uploads/2019/10/23-35.gif,"
離れ剣片喰"
https://kamondb.com/wp/wp-content/uploads/2019/10/9-64.gif,"
丸に剣片喰"
https://kamondb.com/wp/wp-content/uploads/2019/10/19-38.gif,"
丸に陰剣片喰"
https://kamondb.com/wp/wp-content/uploads/2019/10/16-42.gif,"
丸に離れ剣片喰"
https://kamondb.com/wp/wp-content/uploads/2019/10/13-52.gif,"
二重輪に剣片喰"
https://kamondb.com/wp/wp-content/uploads/2019/10/31-21.gif,"
隅切り角に剣片喰"
https://kamondb.com/wp/wp-content/uploads/2019/10/32-23.gif,"
隅入り角に剣片喰"
https://kamondb.com/wp/wp-content/uploads/2019/10/花剣片喰-2.jpg,"
花剣片喰"
https://kamondb.com/wp/wp-content/uploads/2019/10/25-33.gif,"
亀甲に剣片喰"
https://kamondb.com/wp/wp-content/uploads/2019/10/12-58.gif,"
五瓜に剣片喰"
https://kamondb.com/wp/wp-content/uploads/2019/10/20-30.gif,"
雪輪に剣片喰"
https://kamondb.com/wp/wp-content/uploads/2019/10/4-94.gif,"
丸に角立て井筒に剣片喰"
https://kamondb.com/wp/wp-content/uploads/2019/10/丸に蔓剣片喰-2.jpg,"
丸に蔓剣片喰"
https://kamondb.com/wp/wp-content/uploads/2019/10/17-40.gif,"
丸に四方剣片喰"
https://kamondb.com/wp/wp-content/uploads/2019/10/53-8.gif,"
丸に二つ剣片喰"
https://kamondb.com/wp/wp-content/uploads/2019/10/丸に上下二つ剣片喰-2.jpg,"
丸に上下二つ剣片喰"
https://kamondb.com/wp/wp-content/uploads/2019/10/48-10.gif,"
石持ち地抜き剣片喰"
https://kamondb.com/wp/wp-content/uploads/2019/10/石持ち地抜き剣片喰2-2.jpg,"
石持ち地抜き剣片喰2"
https://kamondb.com/wp/wp-content/uploads/2019/10/石持ち地抜き棒剣片喰-2.jpg,"
石持ち地抜き棒剣片喰"
https://kamondb.com/wp/wp-content/uploads/2019/10/三つ又剣片喰-2.jpg,"
三つ又剣片喰"
https://kamondb.com/wp/wp-content/uploads/2019/10/中陰二つ剣片喰-2.jpg,"
中陰二つ剣片喰"
https://kamondb.com/wp/wp-content/uploads/2019/10/剣一つ片喰-1.jpg,"
剣一つ片喰"
https://kamondb.com/wp/wp-content/uploads/2019/10/熨斗剣片喰-2.jpg,"
熨斗剣片喰"
https://kamondb.com/wp/wp-content/uploads/2019/10/11-61.gif,"
三つ盛り剣片喰"
https://kamondb.com/wp/wp-content/uploads/2019/10/太輪に変わり剣片喰-2.jpg,"
太輪に変わり剣片喰"
https://kamondb.com/wp/wp-content/uploads/2019/10/10-63.gif,"
三つ割り剣片喰"
https://kamondb.com/wp/wp-content/uploads/2019/10/中陰三つ割り剣片喰-2.jpg,"
中陰三つ割り剣片喰"
https://kamondb.com/wp/wp-content/uploads/2019/10/55-8.gif,"
浮線剣片喰"
https://kamondb.com/wp/wp-content/uploads/2019/10/総陰三つ割り剣片喰-2.jpg,"
総陰三つ割り剣片喰"
https://kamondb.com/wp/wp-content/uploads/2019/10/中陰剣片喰-2.jpg,"
中陰剣片喰"
https://kamondb.com/wp/wp-content/uploads/2019/10/組み合わせ角に剣片喰-2.jpg,"
組み合わせ角に剣片喰"
https://kamondb.com/wp/wp-content/uploads/2019/10/二つ割りの剣片喰菱-3.jpg,"
二つ割りの剣片喰菱"
https://kamondb.com/wp/wp-content/uploads/2019/10/18-39.gif,"
菱に剣片喰"
https://kamondb.com/wp/wp-content/uploads/2019/10/56-6.gif,"
剣片喰揚羽蝶"
https://kamondb.com/wp/wp-content/uploads/2019/10/菊浮線綾に剣片喰-3.jpg,"
菊浮線綾に剣片喰"
https://kamondb.com/wp/wp-content/uploads/2019/10/変わり外雪輪に剣片喰-4.jpg,"
変わり外雪輪に剣片喰"
https://kamondb.com/wp/wp-content/uploads/2019/10/三つ割り菊に剣片喰-3.jpg,"
三つ割り菊に剣片喰"
https://kamondb.com/wp/wp-content/uploads/2019/10/浮線剣片喰2-2.jpg,"
浮線剣片喰2"
https://kamondb.com/wp/wp-content/uploads/2019/10/38-19.gif,"
藤輪に剣片喰"
https://kamondb.com/wp/wp-content/uploads/2019/10/三つ追い葉沢瀉に剣片喰-3.jpg,"
三つ追い葉沢瀉に剣片喰"
https://kamondb.com/wp/wp-content/uploads/2019/10/54-8.gif,"
六角三つ割り剣片喰"
https://kamondb.com/wp/wp-content/uploads/2019/10/52-8.gif,"
六角剣片喰"
https://kamondb.com/wp/wp-content/uploads/2019/10/51-8.gif,"
蔓剣片喰"
https://kamondb.com/wp/wp-content/uploads/2019/10/42-18.gif,"
鞠挟みに剣片喰"
https://kamondb.com/wp/wp-content/uploads/2019/10/45-12.gif,"
丸に四方木瓜に剣片喰"
https://kamondb.com/wp/wp-content/uploads/2019/10/49-9.gif,"
丸に出剣片喰"
https://kamondb.com/wp/wp-content/uploads/2019/10/剣四つ星-1.jpg,"
剣四つ星"
https://kamondb.com/wp/wp-content/uploads/2019/10/36-19.gif,"
四方剣花菱"
https://kamondb.com/wp/wp-content/uploads/2019/10/二つ剣銀杏.jpg,"
二つ剣銀杏"
https://kamondb.com/wp/wp-content/uploads/2019/10/中陰剣花菱-2.jpg,"
中陰剣花菱"
https://kamondb.com/wp/wp-content/uploads/2019/10/43-15.gif,"
剣木瓜"
https://kamondb.com/wp/wp-content/uploads/2019/10/六つ剣花菱-1.jpg,"
六つ剣花菱"
https://kamondb.com/wp/wp-content/uploads/2019/10/65-3.gif,"
剣四方木瓜"
https://kamondb.com/wp/wp-content/uploads/2019/10/22-36.gif,"
剣唐花"
https://kamondb.com/wp/wp-content/uploads/2019/10/剣花角-1.jpg,"
剣花角"
https://kamondb.com/wp/wp-content/uploads/2019/10/24-32.gif,"
剣桔梗"
https://kamondb.com/wp/wp-content/uploads/2019/10/5-84.gif,"
剣梅鉢"
https://kamondb.com/wp/wp-content/uploads/2019/10/剣形桔梗-1.jpg,"
剣形桔梗"
https://kamondb.com/wp/wp-content/uploads/2019/10/34-19.gif,"
丸に四方剣花菱"
https://kamondb.com/wp/wp-content/uploads/2019/10/33-19.gif,"
丸に剣花菱"
https://kamondb.com/wp/wp-content/uploads/2019/10/丸に剣花菱2.jpg,"
丸に剣花菱2"
https://kamondb.com/wp/wp-content/uploads/2019/10/丸に五つ剣丁子-1.jpg,"
丸に五つ剣丁子"
https://kamondb.com/wp/wp-content/uploads/2019/10/60-5.gif,"
丸に剣三つ洲浜"
https://kamondb.com/wp/wp-content/uploads/2019/10/40-19.gif,"
丸に剣三つ星"
https://kamondb.com/wp/wp-content/uploads/2019/10/14-47.gif,"
丸に剣唐花"
https://kamondb.com/wp/wp-content/uploads/2019/10/中輪に剣四方木瓜-2.jpg,"
中輪に剣四方木瓜"
https://kamondb.com/wp/wp-content/uploads/2019/10/44-14.gif,"
丸に剣木瓜"
https://kamondb.com/wp/wp-content/uploads/2019/10/糸輪に剣桜-2.jpg,"
糸輪に剣桜"
https://kamondb.com/wp/wp-content/uploads/2019/10/糸輪に剣三つ茶の実-2.jpg,"
糸輪に剣三つ茶の実"
https://kamondb.com/wp/wp-content/uploads/2019/10/糸輪に三つ剣一つ巴-2.jpg,"
糸輪に三つ剣一つ巴"
https://kamondb.com/wp/wp-content/uploads/2019/10/糸輪に三つ剣丁子-1.jpg,"
糸輪に三つ剣丁子"
https://kamondb.com/wp/wp-content/uploads/2019/10/丸に龍剣に一の字.jpg,"
丸に龍剣に一の字"
https://kamondb.com/wp/wp-content/uploads/2019/10/7-72.gif,"
丸に剣三つ柏"
https://kamondb.com/wp/wp-content/uploads/2019/10/3-101.gif,"
丸に剣三つ銀杏"
https://kamondb.com/wp/wp-content/uploads/2019/10/6-81.gif,"
丸に剣梅鉢"
https://kamondb.com/wp/wp-content/uploads/2019/10/丸に花剣蔓片喰-1.jpg,"
丸に花剣蔓片喰"
https://kamondb.com/wp/wp-content/uploads/2019/10/丸に剣合わせ三つ割り片喰-1.jpg,"
丸に剣合わせ三つ割り片喰"
https://kamondb.com/wp/wp-content/uploads/2019/10/丸に二葉剣河骨-1.jpg,"
丸に二葉剣河骨"
https://kamondb.com/wp/wp-content/uploads/2019/10/6-81.gif,"
丸に剣梅鉢"
https://kamondb.com/wp/wp-content/uploads/2019/10/30-21.gif,"
丸に剣木の字"
https://kamondb.com/wp/wp-content/uploads/2019/10/三つ剣輪違い-1.jpg,"
三つ剣輪違い"
https://kamondb.com/wp/wp-content/uploads/2019/10/三つ剣捻じ丁子-1.jpg,"
三つ剣捻じ丁子"
https://kamondb.com/wp/wp-content/uploads/2019/10/2-109.gif,"
剣に二つ葵"
https://kamondb.com/wp/wp-content/uploads/2019/10/1-114.gif,"
剣三つ葵"
https://kamondb.com/wp/wp-content/uploads/2019/10/29-25.gif,"
三つ剣河骨"
https://kamondb.com/wp/wp-content/uploads/2019/10/五瓜に六つ剣唐花-2.jpg,"
五瓜に六つ剣唐花"
https://kamondb.com/wp/wp-content/uploads/2019/10/15-45.gif,"
五瓜に四方剣花菱"
https://kamondb.com/wp/wp-content/uploads/2019/10/剣五瓜に唐花-2.jpg,"
剣五瓜に唐花"
https://kamondb.com/wp/wp-content/uploads/2019/10/41-17.gif,"
剣三つ星"
https://kamondb.com/wp/wp-content/uploads/2019/10/39-18.gif,"
繋ぎ剣三つ星"
https://kamondb.com/wp/wp-content/uploads/2019/10/59-5.gif,"
三つ剣蛇の目"
https://kamondb.com/wp/wp-content/uploads/2019/10/26-30.gif,"
三つ盛り亀甲に剣花菱"
https://kamondb.com/wp/wp-content/uploads/2019/10/35-17.gif,"
石持ち地抜き四方剣花菱"
https://kamondb.com/wp/wp-content/uploads/2019/10/63-3.gif,"
石持ち地抜き剣花菱"
https://kamondb.com/wp/wp-content/uploads/2019/10/46-12.gif,"
剣三つ唐団扇"
https://kamondb.com/wp/wp-content/uploads/2019/10/47-11.gif,"
剣三つ鱗"
https://kamondb.com/wp/wp-content/uploads/2019/10/66-2.gif,"
剣三つ矢筈"
https://kamondb.com/wp/wp-content/uploads/2019/10/62-3.gif,"
変わり二つ剣花菱"
https://kamondb.com/wp/wp-content/uploads/2019/10/50-8.gif,"
鱗形剣片喰"
https://kamondb.com/wp/wp-content/uploads/2019/10/67-2.gif,"
剣持ち山の字"
https://kamondb.com/wp/wp-content/uploads/2019/10/61-4.gif,"
剣三つ丁子"
https://kamondb.com/wp/wp-content/uploads/2019/10/64-3.gif,"
剣四つ目"
https://kamondb.com/wp/wp-content/uploads/2019/10/五つ匂い剣唐花-1.jpg,"
五つ匂い剣唐花"
https://kamondb.com/wp/wp-content/uploads/2019/10/剣三つ折れ鷹の羽-1.jpg,"
剣三つ折れ鷹の羽"
https://kamondb.com/wp/wp-content/uploads/2019/10/剣輪に右三つ巴-1.jpg,"
剣輪に右三つ巴"
https://kamondb.com/wp/wp-content/uploads/2019/10/桜浮線綾に剣花菱-2.jpg,"
桜浮線綾に剣花菱"
https://kamondb.com/wp/wp-content/uploads/2019/10/剣山の丸.jpg,"
剣山の丸"
https://kamondb.com/wp/wp-content/uploads/2019/10/三つ割り剣花菱-1.jpg,"
三つ割り剣花菱"
https://kamondb.com/wp/wp-content/uploads/2019/10/三つ割り剣花菱崩し-1.jpg,"
三つ割り剣花菱崩し"
https://kamondb.com/wp/wp-content/uploads/2019/10/姫路剣片喰-2.jpg,"
姫路剣片喰"
https://kamondb.com/wp/wp-content/uploads/2019/10/若狭剣片喰-2.jpg,"
若狭剣片喰"
https://kamondb.com/wp/wp-content/uploads/2019/10/57-6.gif,"
清浦剣車"
https://kamondb.com/wp/wp-content/uploads/2019/10/四つ剣菱.jpg,"
四つ剣菱"
https://kamondb.com/wp/wp-content/uploads/2019/10/八つ剣菱.jpg,"
八つ剣菱"
https://kamondb.com/wp/wp-content/uploads/2019/11/据え五徳.jpg,"
据え五徳"
https://kamondb.com/wp/wp-content/uploads/2019/11/真向き五徳.jpg,"
真向き五徳"
https://kamondb.com/wp/wp-content/uploads/2019/11/丸に置き五徳.jpg,"
丸に置き五徳"
https://kamondb.com/wp/wp-content/uploads/2019/11/太輪に五徳柏-1.jpg,"
太輪に五徳柏"
https://kamondb.com/wp/wp-content/uploads/2019/11/五徳柏.jpg,"
五徳柏"
https://kamondb.com/wp/wp-content/uploads/2019/10/1-115.gif,"
丸に琴柱"
https://kamondb.com/wp/wp-content/uploads/2019/10/2-110.gif,"
丸に三つ琴柱"
https://kamondb.com/wp/wp-content/uploads/2019/10/3-102.gif,"
五つ琴柱"
https://kamondb.com/wp/wp-content/uploads/2019/10/琴柱菱に三つ琴の爪.jpg,"
琴柱菱に三つ琴の爪"
https://kamondb.com/wp/wp-content/uploads/2019/10/三つ立ち琴柱.jpg,"
三つ立ち琴柱"
https://kamondb.com/wp/wp-content/uploads/2019/10/糸菱に覗き琴柱-1.jpg,"
糸菱に覗き琴柱"
https://kamondb.com/wp/wp-content/uploads/2019/10/琴柱に木瓜形-1.jpg,"
琴柱に木瓜形"
https://kamondb.com/wp/wp-content/uploads/2019/10/1-116.gif,"
丸に独楽"
https://kamondb.com/wp/wp-content/uploads/2019/10/2-111.gif,"
並び独楽"
https://kamondb.com/wp/wp-content/uploads/2019/10/3-103.gif,"
木下独楽"
https://kamondb.com/wp/wp-content/uploads/2019/10/4-95.gif,"
丸に三つ独楽"
https://kamondb.com/wp/wp-content/uploads/2019/10/変わり独楽.jpg,"
変わり独楽"
https://kamondb.com/wp/wp-content/uploads/2019/10/紐付き独楽.jpg,"
紐付き独楽"
https://kamondb.com/wp/wp-content/uploads/2019/10/千家独楽.jpg,"
千家独楽"
https://kamondb.com/wp/wp-content/uploads/2019/10/2-100.gif,"
算木"
https://kamondb.com/wp/wp-content/uploads/2019/10/6-73.gif,"
丸に一つ算木"
https://kamondb.com/wp/wp-content/uploads/2019/10/4-85.gif,"
丸に二つ算木"
https://kamondb.com/wp/wp-content/uploads/2019/10/3-92.gif,"
丸に算木"
https://kamondb.com/wp/wp-content/uploads/2019/10/7-65.gif,"
丸に縦算木"
https://kamondb.com/wp/wp-content/uploads/2019/10/1-106.gif,"
丸に十の字算木"
https://kamondb.com/wp/wp-content/uploads/2019/10/隅切り角に三木.jpg,"
隅切り角に三木"
https://kamondb.com/wp/wp-content/uploads/2019/10/5-76.gif,"
組み合わせ枡に算木"
https://kamondb.com/wp/wp-content/uploads/2019/10/8-63.gif,"
石持ち地抜き算木"
https://kamondb.com/wp/wp-content/uploads/2019/10/隅切り角にゆり三木.jpg,"
隅切り角にゆり三木"
https://kamondb.com/wp/wp-content/uploads/2019/10/1-117.gif,"
中輪に地紙"
https://kamondb.com/wp/wp-content/uploads/2019/10/2-112.gif,"
地紙"
https://kamondb.com/wp/wp-content/uploads/2019/10/3-104.gif,"
重ね地紙"
https://kamondb.com/wp/wp-content/uploads/2019/10/4-96.gif,"
三つ地紙"
https://kamondb.com/wp/wp-content/uploads/2019/10/5-85.gif,"
三つ重ね地紙"
https://kamondb.com/wp/wp-content/uploads/2019/10/6-82.gif,"
頭合わせ三つ地紙"
https://kamondb.com/wp/wp-content/uploads/2019/10/7-73.gif,"
中陰三つ地紙"
https://kamondb.com/wp/wp-content/uploads/2019/10/細輪に陰陽重ね地紙-1.jpg,"
細輪に陰陽重ね地紙"
https://kamondb.com/wp/wp-content/uploads/2019/10/9-65.gif,"
丸に中陰地紙"
https://kamondb.com/wp/wp-content/uploads/2019/10/二重輪に地紙-1.jpg,"
二重輪に地紙"
https://kamondb.com/wp/wp-content/uploads/2019/10/細輪に陰陽地紙-1.jpg,"
細輪に陰陽地紙"
https://kamondb.com/wp/wp-content/uploads/2019/10/8-68.gif,"
陰地紙に桔梗"
https://kamondb.com/wp/wp-content/uploads/2019/10/三つ捻じ地紙.jpg,"
三つ捻じ地紙"
https://kamondb.com/wp/wp-content/uploads/2019/10/陰捻じ地紙.jpg,"
陰捻じ地紙"
https://kamondb.com/wp/wp-content/uploads/2019/11/一つ三味駒.jpg,"
一つ三味駒"
https://kamondb.com/wp/wp-content/uploads/2019/11/三味駒菱.jpg,"
三味駒菱"
https://kamondb.com/wp/wp-content/uploads/2019/11/菱に二つ三味駒.jpg,"
菱に二つ三味駒"
https://kamondb.com/wp/wp-content/uploads/2019/11/三つ三味駒.jpg,"
三つ三味駒"
https://kamondb.com/wp/wp-content/uploads/2019/11/丸に三味駒.jpg,"
丸に三味駒"
https://kamondb.com/wp/wp-content/uploads/2019/11/四つ三味駒.jpg,"
四つ三味駒"
https://kamondb.com/wp/wp-content/uploads/2019/11/太輪に三つ盛り三味駒-1.jpg,"
太輪に三つ盛り三味駒"
https://kamondb.com/wp/wp-content/uploads/2019/10/駒.jpg,"
駒"
https://kamondb.com/wp/wp-content/uploads/2019/10/並び将棋駒.jpg,"
並び将棋駒"
https://kamondb.com/wp/wp-content/uploads/2019/10/三つ盛り将棋駒.jpg,"
三つ盛り将棋駒"
https://kamondb.com/wp/wp-content/uploads/2019/10/1-118.gif,"
太輪に将棋駒"
https://kamondb.com/wp/wp-content/uploads/2019/10/2-113.gif,"
三つ並び駒"
https://kamondb.com/wp/wp-content/uploads/2019/10/3-105.gif,"
五つ駒"
https://kamondb.com/wp/wp-content/uploads/2019/10/丸に並び駒.jpg,"
丸に並び駒"
https://kamondb.com/wp/wp-content/uploads/2019/10/細輪に頭合わせ四つ駒-1.jpg,"
細輪に頭合わせ四つ駒"
https://kamondb.com/wp/wp-content/uploads/2019/11/丸に頭巾.jpg,"
丸に頭巾"
https://kamondb.com/wp/wp-content/uploads/2019/11/三つ頭巾.jpg,"
三つ頭巾"
https://kamondb.com/wp/wp-content/uploads/2019/11/丸に三つ角頭巾.jpg,"
丸に三つ角頭巾"
https://kamondb.com/wp/wp-content/uploads/2019/11/六つ頭巾.jpg,"
六つ頭巾"
https://kamondb.com/wp/wp-content/uploads/2019/10/2-114.gif,"
三つ組み筋違い"
https://kamondb.com/wp/wp-content/uploads/2019/10/四つ組み筋違い.jpg,"
四つ組み筋違い"
https://kamondb.com/wp/wp-content/uploads/2019/10/六つ組み筋違い.jpg,"
六つ組み筋違い"
https://kamondb.com/wp/wp-content/uploads/2019/10/変わり組み筋違い.jpg,"
変わり組み筋違い"
https://kamondb.com/wp/wp-content/uploads/2019/10/中輪に変わり三つ組み筋違い-1.jpg,"
中輪に変わり三つ組み筋違い"
https://kamondb.com/wp/wp-content/uploads/2019/10/1-119.gif,"
丸に右上筋違い二つ木"
https://kamondb.com/wp/wp-content/uploads/2019/10/3-106.gif,"
一つ鈴"
https://kamondb.com/wp/wp-content/uploads/2019/10/丸に三つ盛りの鈴.jpg,"
丸に三つ盛りの鈴"
https://kamondb.com/wp/wp-content/uploads/2019/10/紐付き三つ鈴.jpg,"
紐付き三つ鈴"
https://kamondb.com/wp/wp-content/uploads/2019/10/二つ鈴.jpg,"
二つ鈴"
https://kamondb.com/wp/wp-content/uploads/2019/10/4-97.gif,"
三つ鈴"
https://kamondb.com/wp/wp-content/uploads/2019/10/鈴桐-1.jpg,"
鈴桐"
https://kamondb.com/wp/wp-content/uploads/2019/10/5-86.gif,"
八つ鈴"
https://kamondb.com/wp/wp-content/uploads/2019/10/2-115.gif,"
鈴違い幣"
https://kamondb.com/wp/wp-content/uploads/2019/10/1-120.gif,"
丸に鈴違い幣"
https://kamondb.com/wp/wp-content/uploads/2019/10/1-121.gif,"
永楽銭"
https://kamondb.com/wp/wp-content/uploads/2019/10/4-98.gif,"
裏波銭"
https://kamondb.com/wp/wp-content/uploads/2019/10/3-107.gif,"
裏銭"
https://kamondb.com/wp/wp-content/uploads/2019/10/6-83.gif,"
三つ盛り文銭"
https://kamondb.com/wp/wp-content/uploads/2019/10/六つ捻じ裏銭.jpg,"
六つ捻じ裏銭"
https://kamondb.com/wp/wp-content/uploads/2019/10/七つ裏銭.jpg,"
七つ裏銭"
https://kamondb.com/wp/wp-content/uploads/2019/10/2-116.gif,"
真田六文銭"
https://kamondb.com/wp/wp-content/uploads/2019/10/8-69.gif,"
阿部銭"
https://kamondb.com/wp/wp-content/uploads/2019/10/9-66.gif,"
裏六文銭"
https://kamondb.com/wp/wp-content/uploads/2019/10/三文銭.jpg,"
三文銭"
https://kamondb.com/wp/wp-content/uploads/2019/10/10-64.gif,"
四つ重ね銭"
https://kamondb.com/wp/wp-content/uploads/2019/10/八連銭.jpg,"
八連銭"
https://kamondb.com/wp/wp-content/uploads/2019/10/竪六連永楽銭.jpg,"
竪六連永楽銭"
https://kamondb.com/wp/wp-content/uploads/2019/10/5-87.gif,"
長谷部銭"
https://kamondb.com/wp/wp-content/uploads/2019/10/7-74.gif,"
青山銭"
https://kamondb.com/wp/wp-content/uploads/2019/11/宝結び.jpg,"
宝結び"
https://kamondb.com/wp/wp-content/uploads/2019/11/角宝結び.jpg,"
角宝結び"
https://kamondb.com/wp/wp-content/uploads/2019/11/宝結び蝶.jpg,"
宝結び蝶"
https://kamondb.com/wp/wp-content/uploads/2019/11/陰輪に宝結び.jpg,"
陰輪に宝結び"
https://kamondb.com/wp/wp-content/uploads/2019/11/丸に変わり華蔓結び.jpg,"
丸に変わり華蔓結び"
https://kamondb.com/wp/wp-content/uploads/2019/11/三つ寄せ角宝結び.jpg,"
三つ寄せ角宝結び"
https://kamondb.com/wp/wp-content/uploads/2019/10/2-117.gif,"
変わり焔玉"
https://kamondb.com/wp/wp-content/uploads/2019/10/稲荷玉.jpg,"
稲荷玉"
https://kamondb.com/wp/wp-content/uploads/2019/10/尻合わせ五つ玉.jpg,"
尻合わせ五つ玉"
https://kamondb.com/wp/wp-content/uploads/2019/10/4-99.gif,"
丸に頭合わせ三つ玉"
https://kamondb.com/wp/wp-content/uploads/2019/10/5-88.gif,"
三つ割り玉"
https://kamondb.com/wp/wp-content/uploads/2019/10/三つ松に勾玉-1.jpg,"
三つ松に勾玉"
https://kamondb.com/wp/wp-content/uploads/2019/10/玉持ち龍の爪-1.jpg,"
玉持ち龍の爪"
https://kamondb.com/wp/wp-content/uploads/2019/10/3-108.gif,"
光琳の玉"
https://kamondb.com/wp/wp-content/uploads/2019/10/1-123.gif,"
丸に二つ串団子"
https://kamondb.com/wp/wp-content/uploads/2019/10/2-118.gif,"
因幡団子"
https://kamondb.com/wp/wp-content/uploads/2019/10/3-109.gif,"
つなぎ団子"
https://kamondb.com/wp/wp-content/uploads/2019/10/4-100.gif,"
洲浜団子"
https://kamondb.com/wp/wp-content/uploads/2019/10/1-124.gif,"
千切り"
https://kamondb.com/wp/wp-content/uploads/2019/10/4-101.gif,"
千切り菱"
https://kamondb.com/wp/wp-content/uploads/2019/10/4-102.gif,"
陰千切り"
https://kamondb.com/wp/wp-content/uploads/2019/10/3-110.gif,"
隅切り千切り"
https://kamondb.com/wp/wp-content/uploads/2019/10/中陰千切り.jpg,"
結び千切り"
https://kamondb.com/wp/wp-content/uploads/2019/10/中陰千切り-1.jpg,"
中陰千切り"
https://kamondb.com/wp/wp-content/uploads/2019/10/四方千切り.jpg,"
四方千切り"
https://kamondb.com/wp/wp-content/uploads/2019/10/三つ寄せ千切り.jpg,"
三つ寄せ千切り"
https://kamondb.com/wp/wp-content/uploads/2019/10/千切り崩し.jpg,"
千切り崩し"
https://kamondb.com/wp/wp-content/uploads/2019/10/2-119.gif,"
丸に千切り"
https://kamondb.com/wp/wp-content/uploads/2019/10/丸に変わり違い千切り.jpg,"
丸に変わり違い千切り"
https://kamondb.com/wp/wp-content/uploads/2019/10/丸に房付き千切り.jpg,"
丸に房付き千切り"
https://kamondb.com/wp/wp-content/uploads/2019/10/1-125.gif,"
提盤"
https://kamondb.com/wp/wp-content/uploads/2019/10/2-120.gif,"
丸に提盤"
https://kamondb.com/wp/wp-content/uploads/2019/10/3-111.gif,"
変わり提盤"
https://kamondb.com/wp/wp-content/uploads/2019/10/4-103.gif,"
糸輪に提盤菱"
https://kamondb.com/wp/wp-content/uploads/2019/10/5-89.gif,"
割り提盤"
https://kamondb.com/wp/wp-content/uploads/2019/10/6-85.gif,"
三つ提盤"
https://kamondb.com/wp/wp-content/uploads/2019/10/7-75.gif,"
三つ割り提盤"
https://kamondb.com/wp/wp-content/uploads/2019/10/8-70.gif,"
浮線提盤"
https://kamondb.com/wp/wp-content/uploads/2019/10/陰提盤.jpg,"
陰提盤"
https://kamondb.com/wp/wp-content/uploads/2019/10/変わり三つ提盤.jpg,"
変わり三つ提盤"
https://kamondb.com/wp/wp-content/uploads/2019/10/三つ盛り提盤.jpg,"
三つ盛り提盤"
https://kamondb.com/wp/wp-content/uploads/2019/10/小菅提盤.jpg,"
小菅提盤"
https://kamondb.com/wp/wp-content/uploads/2019/10/4-104.gif,"
槌"
https://kamondb.com/wp/wp-content/uploads/2019/10/5-90.gif,"
三つ横槌"
https://kamondb.com/wp/wp-content/uploads/2019/10/6-86.gif,"
三つ槌"
https://kamondb.com/wp/wp-content/uploads/2019/10/1-126.gif,"
六つ槌"
https://kamondb.com/wp/wp-content/uploads/2019/10/8-71.gif,"
六つ槌車"
https://kamondb.com/wp/wp-content/uploads/2019/10/2-121.gif,"
八つ槌車1"
https://kamondb.com/wp/wp-content/uploads/2019/10/7-76.gif,"
糸輪に五つ槌"
https://kamondb.com/wp/wp-content/uploads/2019/10/3-112.gif,"
丸に八つ槌車"
https://kamondb.com/wp/wp-content/uploads/2019/10/9-67.gif,"
八つ槌車2"
https://kamondb.com/wp/wp-content/uploads/2019/10/中輪に水の槌車-1.jpg,"
中輪に水の槌車"
https://kamondb.com/wp/wp-content/uploads/2019/10/平外六つ鐶に槌-1.jpg,"
平外六つ鐶に槌"
https://kamondb.com/wp/wp-content/uploads/2019/10/5-91.gif,"
真向き鼓"
https://kamondb.com/wp/wp-content/uploads/2019/10/6-87.gif,"
二枚鼓"
https://kamondb.com/wp/wp-content/uploads/2019/10/置き鼓.jpg,"
置き鼓"
https://kamondb.com/wp/wp-content/uploads/2019/10/房鼓.jpg,"
房鼓"
https://kamondb.com/wp/wp-content/uploads/2019/10/1-127.gif,"
並び鼓胴"
https://kamondb.com/wp/wp-content/uploads/2019/10/7-77.gif,"
変わり並び鼓胴"
https://kamondb.com/wp/wp-content/uploads/2019/10/違い鼓胴.jpg,"
違い鼓胴"
https://kamondb.com/wp/wp-content/uploads/2019/10/三つ並び鼓胴.jpg,"
三つ並び鼓胴"
https://kamondb.com/wp/wp-content/uploads/2019/10/違い横向き鼓胴.jpg,"
違い横向き鼓胴"
https://kamondb.com/wp/wp-content/uploads/2019/10/三つ鼓胴.jpg,"
三つ鼓胴"
https://kamondb.com/wp/wp-content/uploads/2019/10/重ね熨斗.jpg,"
重ね熨斗"
https://kamondb.com/wp/wp-content/uploads/2019/10/違い熨斗.jpg,"
違い熨斗"
https://kamondb.com/wp/wp-content/uploads/2019/10/5-92.gif,"
立ち束ね熨斗"
https://kamondb.com/wp/wp-content/uploads/2019/10/6-88.gif,"
抱き結び熨斗"
https://kamondb.com/wp/wp-content/uploads/2019/10/三つ組み合い熨斗.jpg,"
三つ組み合い熨斗"
https://kamondb.com/wp/wp-content/uploads/2019/10/2-123.gif,"
分銅熨斗"
https://kamondb.com/wp/wp-content/uploads/2019/10/1-128.gif,"
丸に立ち束ね熨斗"
https://kamondb.com/wp/wp-content/uploads/2019/10/丸に三つ熨斗剣柏-1.jpg,"
丸に三つ熨斗剣柏"
https://kamondb.com/wp/wp-content/uploads/2019/10/7-78.gif,"
三つ寄せ熨斗"
https://kamondb.com/wp/wp-content/uploads/2019/10/4-106.gif,"
二つ熨斗輪に桔梗"
https://kamondb.com/wp/wp-content/uploads/2019/10/3-114.gif,"
二つ熨斗輪に片喰"
https://kamondb.com/wp/wp-content/uploads/2019/10/抱き熨斗.jpg,"
抱き熨斗"
https://kamondb.com/wp/wp-content/uploads/2019/10/飾り熨斗.jpg,"
飾り熨斗"
https://kamondb.com/wp/wp-content/uploads/2019/10/向かい飾り熨斗.jpg,"
向かい飾り熨斗"
https://kamondb.com/wp/wp-content/uploads/2019/10/熨斗蝶-1.jpg,"
熨斗蝶"
https://kamondb.com/wp/wp-content/uploads/2019/10/10-66.gif,"
熨斗桐"
https://kamondb.com/wp/wp-content/uploads/2019/10/8-73.gif,"
折り熨斗菱"
https://kamondb.com/wp/wp-content/uploads/2019/10/11-63.gif,"
熨斗胡蝶"
https://kamondb.com/wp/wp-content/uploads/2019/10/三つ追い結び熨斗.jpg,"
三つ追い結び熨斗"
https://kamondb.com/wp/wp-content/uploads/2019/10/総陰の熨斗輪に三つ星-1.jpg,"
総陰の熨斗輪に三つ星"
https://kamondb.com/wp/wp-content/uploads/2019/10/熨斗剣片喰-3.jpg,"
熨斗剣片喰"
https://kamondb.com/wp/wp-content/uploads/2019/10/9-69.gif,"
対い熨斗菱"
https://kamondb.com/wp/wp-content/uploads/2019/10/三つ組み合い折り熨斗.jpg,"
三つ組み合い折り熨斗"
https://kamondb.com/wp/wp-content/uploads/2019/10/熨斗鶴-1.jpg,"
熨斗鶴"
https://kamondb.com/wp/wp-content/uploads/2019/10/1-129.gif,"
羽子板"
https://kamondb.com/wp/wp-content/uploads/2019/10/違い羽子板.jpg,"
違い羽子板"
https://kamondb.com/wp/wp-content/uploads/2019/10/4-107.gif,"
三つ羽子板"
https://kamondb.com/wp/wp-content/uploads/2019/10/三つ重ね羽子板.jpg,"
三つ重ね羽子板"
https://kamondb.com/wp/wp-content/uploads/2019/10/2-124.gif,"
丸に並び羽子板"
https://kamondb.com/wp/wp-content/uploads/2019/10/丸に違い羽子板.jpg,"
丸に違い羽子板"
https://kamondb.com/wp/wp-content/uploads/2019/10/3-115.gif,"
八つ羽子板車"
https://kamondb.com/wp/wp-content/uploads/2019/10/六つ亀甲羽子板に羽根-1.jpg,"
六つ亀甲羽子板に羽根"
https://kamondb.com/wp/wp-content/uploads/2019/10/五つ追い羽子板.jpg,"
五つ追い羽子板"
https://kamondb.com/wp/wp-content/uploads/2019/10/雪輪に羽子板-1.jpg,"
雪輪に羽子板"
https://kamondb.com/wp/wp-content/uploads/2019/10/1-130.gif,"
丸に一つ鋏"
https://kamondb.com/wp/wp-content/uploads/2019/10/2-125.gif,"
丸に並び鋏"
https://kamondb.com/wp/wp-content/uploads/2019/10/丸に違い鋏.jpg,"
丸に違い鋏"
https://kamondb.com/wp/wp-content/uploads/2019/10/3-116.gif,"
九段梯子"
https://kamondb.com/wp/wp-content/uploads/2019/10/2-126.gif,"
五段梯子"
https://kamondb.com/wp/wp-content/uploads/2019/10/1-131.gif,"
牧野梯子"
https://kamondb.com/wp/wp-content/uploads/2019/10/六角笹に三段梯子-1.jpg,"
六角笹に三段梯子"
https://kamondb.com/wp/wp-content/uploads/2019/10/1-132.gif,"
丸に一つ旗"
https://kamondb.com/wp/wp-content/uploads/2019/10/2-127.gif,"
二つ違い国旗"
https://kamondb.com/wp/wp-content/uploads/2019/10/3-117.gif,"
二つ国旗"
https://kamondb.com/wp/wp-content/uploads/2019/10/4-108.gif,"
六つ旗車"
https://kamondb.com/wp/wp-content/uploads/2019/10/二つ旗菱-1.jpg,"
二つ旗菱"
https://kamondb.com/wp/wp-content/uploads/2019/10/三つ旗の丸.jpg,"
三つ旗の丸"
https://kamondb.com/wp/wp-content/uploads/2019/10/1-133.gif,"
羽根"
https://kamondb.com/wp/wp-content/uploads/2019/10/2-128.gif,"
羽根桐"
https://kamondb.com/wp/wp-content/uploads/2019/10/一つ羽根の丸.jpg,"
一つ羽根の丸"
https://kamondb.com/wp/wp-content/uploads/2019/10/三つ羽根.jpg,"
三つ羽根"
https://kamondb.com/wp/wp-content/uploads/2019/10/四つ羽根.jpg,"
四つ羽根"
https://kamondb.com/wp/wp-content/uploads/2019/10/五つ羽根.jpg,"
五つ羽根"
https://kamondb.com/wp/wp-content/uploads/2019/10/三つ割り羽根.jpg,"
三つ割り羽根"
https://kamondb.com/wp/wp-content/uploads/2019/10/六つ亀甲羽子板に羽根-2.jpg,"
六つ亀甲羽子板に羽根"
https://kamondb.com/wp/wp-content/uploads/2019/11/羽箒.jpg,"
羽箒"
https://kamondb.com/wp/wp-content/uploads/2019/11/違い羽箒.jpg,"
違い羽箒"
https://kamondb.com/wp/wp-content/uploads/2019/11/並び箒.jpg,"
並び羽箒"
https://kamondb.com/wp/wp-content/uploads/2019/11/外向き立ち羽箒.jpg,"
外向き立ち羽箒"
https://kamondb.com/wp/wp-content/uploads/2019/11/二つ追い羽箒.jpg,"
二つ追い羽箒"
https://kamondb.com/wp/wp-content/uploads/2019/11/三つ追い羽箒.jpg,"
三つ追い羽箒"
https://kamondb.com/wp/wp-content/uploads/2019/10/1-134.gif,"
袋"
https://kamondb.com/wp/wp-content/uploads/2019/10/丸に二つ袋.jpg,"
丸に二つ袋"
https://kamondb.com/wp/wp-content/uploads/2019/10/三つ袋.jpg,"
三つ袋"
https://kamondb.com/wp/wp-content/uploads/2019/10/丸に変わり袋.jpg,"
丸に変わり袋"
https://kamondb.com/wp/wp-content/uploads/2019/10/1-135.gif,"
帆掛け船"
https://kamondb.com/wp/wp-content/uploads/2019/10/真向き帆掛け船.jpg,"
真向き帆掛け船"
https://kamondb.com/wp/wp-content/uploads/2019/10/1-136.gif,"
結び文"
https://kamondb.com/wp/wp-content/uploads/2019/10/開き文.jpg,"
開き文"
https://kamondb.com/wp/wp-content/uploads/2019/10/4-109.gif,"
対い文菱"
https://kamondb.com/wp/wp-content/uploads/2019/10/2-129.gif,"
糸輪に文"
https://kamondb.com/wp/wp-content/uploads/2019/10/3-118.gif,"
丸に文車"
https://kamondb.com/wp/wp-content/uploads/2019/10/5-93.gif,"
分銅"
https://kamondb.com/wp/wp-content/uploads/2019/10/4-110.gif,"
丸に分銅"
https://kamondb.com/wp/wp-content/uploads/2019/10/8-74.gif,"
中陰分銅"
https://kamondb.com/wp/wp-content/uploads/2019/10/丸に花形分銅.jpg,"
丸に花形分銅"
https://kamondb.com/wp/wp-content/uploads/2019/10/丸に豆分銅.jpg,"
丸に豆分銅"
https://kamondb.com/wp/wp-content/uploads/2019/10/宝分銅.jpg,"
宝分銅"
https://kamondb.com/wp/wp-content/uploads/2019/10/3-119.gif,"
分銅熨斗"
https://kamondb.com/wp/wp-content/uploads/2019/10/9-70.gif,"
石持ち地抜き三つ分銅"
https://kamondb.com/wp/wp-content/uploads/2019/10/7-79.gif,"
細輪に三つ分銅"
https://kamondb.com/wp/wp-content/uploads/2019/10/1-137.gif,"
亀甲に分銅"
https://kamondb.com/wp/wp-content/uploads/2019/10/2-130.gif,"
隅切り角に分銅"
https://kamondb.com/wp/wp-content/uploads/2019/10/11-64.gif,"
五つ捻じ分銅"
https://kamondb.com/wp/wp-content/uploads/2019/10/6-89.gif,"
持ち合い分銅"
https://kamondb.com/wp/wp-content/uploads/2019/10/12-59.gif,"
菱に分銅"
https://kamondb.com/wp/wp-content/uploads/2019/10/比翼分銅.jpg,"
比翼分銅"
https://kamondb.com/wp/wp-content/uploads/2019/10/10-67.gif,"
分銅桜"
https://kamondb.com/wp/wp-content/uploads/2019/10/三つ寄せ分銅.jpg,"
三つ寄せ分銅"
https://kamondb.com/wp/wp-content/uploads/2019/10/五つ鐶に分銅-1.jpg,"
五つ鐶に分銅"
https://kamondb.com/wp/wp-content/uploads/2019/10/子持ち分銅.jpg,"
子持ち分銅"
https://kamondb.com/wp/wp-content/uploads/2019/10/星付き分銅-1.jpg,"
星付き分銅"
https://kamondb.com/wp/wp-content/uploads/2019/10/陰分銅に違い丁子-1.jpg,"
陰分銅に違い丁子"
https://kamondb.com/wp/wp-content/uploads/2019/10/陰陽分銅.jpg,"
陰陽分銅"
https://kamondb.com/wp/wp-content/uploads/2019/10/神宮幣.jpg,"
神宮幣"
https://kamondb.com/wp/wp-content/uploads/2019/10/4-111.gif,"
御祓い幣"
https://kamondb.com/wp/wp-content/uploads/2019/10/5-94.gif,"
三つ盛り幣"
https://kamondb.com/wp/wp-content/uploads/2019/10/違い幣.jpg,"
違い幣"
https://kamondb.com/wp/wp-content/uploads/2019/10/1-138.gif,"
丸に幣"
https://kamondb.com/wp/wp-content/uploads/2019/10/2-131.gif,"
丸に鈴違い幣"
https://kamondb.com/wp/wp-content/uploads/2019/10/祭礼幣帛.jpg,"
祭礼幣帛"
https://kamondb.com/wp/wp-content/uploads/2019/10/一つ松葉の丸に御幣-1.jpg,"
一つ松葉の丸に御幣"
https://kamondb.com/wp/wp-content/uploads/2019/10/3-120.gif,"
鈴違い幣"
https://kamondb.com/wp/wp-content/uploads/2019/10/変わり違い幣.jpg,"
変わり違い幣"
https://kamondb.com/wp/wp-content/uploads/2019/10/1-139.gif,"
瓶子"
https://kamondb.com/wp/wp-content/uploads/2019/10/6-90.gif,"
変わり瓶子"
https://kamondb.com/wp/wp-content/uploads/2019/10/陰瓶子.jpg,"
陰瓶子"
https://kamondb.com/wp/wp-content/uploads/2019/10/2-132.gif,"
丸に瓶子"
https://kamondb.com/wp/wp-content/uploads/2019/10/5-95.gif,"
丸に並び瓶子"
https://kamondb.com/wp/wp-content/uploads/2019/10/細輪に並び瓶子-1.jpg,"
細輪に並び瓶子"
https://kamondb.com/wp/wp-content/uploads/2019/10/3-121.gif,"
並び瓶子"
https://kamondb.com/wp/wp-content/uploads/2019/10/石持ち地抜き瓶子.jpg,"
石持ち地抜き瓶子"
https://kamondb.com/wp/wp-content/uploads/2019/10/8-75.gif,"
丸に神社瓶子"
https://kamondb.com/wp/wp-content/uploads/2019/10/房付き瓶子.jpg,"
房付き瓶子"
https://kamondb.com/wp/wp-content/uploads/2019/10/上包み瓶子.jpg,"
上包み瓶子"
https://kamondb.com/wp/wp-content/uploads/2019/10/変わり包み瓶子.jpg,"
変わり包み瓶子"
https://kamondb.com/wp/wp-content/uploads/2019/10/7-80.gif,"
三つ瓶子"
https://kamondb.com/wp/wp-content/uploads/2019/10/9-71.gif,"
五つ瓶子"
https://kamondb.com/wp/wp-content/uploads/2019/10/10-68.gif,"
六つ瓶子"
https://kamondb.com/wp/wp-content/uploads/2019/10/折り敷に瓶子.jpg,"
折り敷に瓶子"
https://kamondb.com/wp/wp-content/uploads/2019/10/4-112.gif,"
丸に三つ盛り瓶子"
https://kamondb.com/wp/wp-content/uploads/2019/10/三つ割り瓶子.jpg,"
三つ割り瓶子"
https://kamondb.com/wp/wp-content/uploads/2019/10/1-140.gif,"
一つ帆巴"
https://kamondb.com/wp/wp-content/uploads/2019/10/6-91.gif,"
二つ帆の丸"
https://kamondb.com/wp/wp-content/uploads/2019/10/2-133.gif,"
三つ帆の丸"
https://kamondb.com/wp/wp-content/uploads/2019/10/4-113.gif,"
丸に一つ帆"
https://kamondb.com/wp/wp-content/uploads/2019/10/石持ち地抜き帆.jpg,"
石持ち地抜き帆"
https://kamondb.com/wp/wp-content/uploads/2019/10/糸輪に真向き帆-1.jpg,"
糸輪に真向き帆"
https://kamondb.com/wp/wp-content/uploads/2019/10/三つ寄せ帆.jpg,"
三つ寄せ帆"
https://kamondb.com/wp/wp-content/uploads/2019/10/7-81.gif,"
三つ寄せ真向き帆"
https://kamondb.com/wp/wp-content/uploads/2019/10/五つ帆の丸.jpg,"
五つ帆の丸"
https://kamondb.com/wp/wp-content/uploads/2019/10/中輪に四つ帆-1.jpg,"
中輪に四つ帆"
https://kamondb.com/wp/wp-content/uploads/2019/10/8-76.gif,"
霞に帆"
https://kamondb.com/wp/wp-content/uploads/2019/10/9-72.gif,"
追いかけの帆菱"
https://kamondb.com/wp/wp-content/uploads/2019/10/3-122.gif,"
帆掛け船"
https://kamondb.com/wp/wp-content/uploads/2019/10/真向き帆掛け船-1.jpg,"
真向き帆掛け船"
https://kamondb.com/wp/wp-content/uploads/2019/10/1-141.gif,"
丸に違い鉞"
https://kamondb.com/wp/wp-content/uploads/2019/10/2-134.gif,"
細輪に並び鉞"
https://kamondb.com/wp/wp-content/uploads/2019/10/3-123.gif,"
三つ鉞"
https://kamondb.com/wp/wp-content/uploads/2019/10/4-114.gif,"
五つ鉞"
https://kamondb.com/wp/wp-content/uploads/2019/10/携鉞.jpg,"
携鉞"
https://kamondb.com/wp/wp-content/uploads/2019/10/糸輪に三つ鉞-1.jpg,"
糸輪に三つ鉞"
https://kamondb.com/wp/wp-content/uploads/2019/10/五つ鉞車.jpg,"
五つ鉞車"
https://kamondb.com/wp/wp-content/uploads/2019/10/六つ鉞車.jpg,"
六つ鉞車"
https://kamondb.com/wp/wp-content/uploads/2019/10/鉞菱-1.jpg,"
鉞菱"
https://kamondb.com/wp/wp-content/uploads/2019/10/5-97.gif,"
一つ枡"
https://kamondb.com/wp/wp-content/uploads/2019/10/6-92.gif,"
丸に一つ枡"
https://kamondb.com/wp/wp-content/uploads/2019/10/7-82.gif,"
石持ち地抜き枡"
https://kamondb.com/wp/wp-content/uploads/2019/10/三つ入れ子枡.jpg,"
三つ入れ子枡"
https://kamondb.com/wp/wp-content/uploads/2019/10/11-65.gif,"
違い枡"
https://kamondb.com/wp/wp-content/uploads/2019/10/陰枡.jpg,"
陰枡"
https://kamondb.com/wp/wp-content/uploads/2019/10/4-115.gif,"
組み合わせ枡に蔦"
https://kamondb.com/wp/wp-content/uploads/2019/10/2-135.gif,"
組み合わせ枡に算木"
https://kamondb.com/wp/wp-content/uploads/2019/10/1-142.gif,"
組み合わせ枡に唐団扇"
https://kamondb.com/wp/wp-content/uploads/2019/10/13-53.gif,"
三つ入れ子枡に大割り蔦"
https://kamondb.com/wp/wp-content/uploads/2019/10/3-124.gif,"
丸に組み合わせ枡に橘"
https://kamondb.com/wp/wp-content/uploads/2019/10/12-60.gif,"
重ね枡"
https://kamondb.com/wp/wp-content/uploads/2019/10/10-69.gif,"
糸輪に三つ入れ子枡"
https://kamondb.com/wp/wp-content/uploads/2019/10/8-77.gif,"
中輪に枡に枡掻"
https://kamondb.com/wp/wp-content/uploads/2019/10/9-73.gif,"
糸輪に入れ子枡"
https://kamondb.com/wp/wp-content/uploads/2019/10/隅合わせ枡.jpg,"
隅合わせ枡"
https://kamondb.com/wp/wp-content/uploads/2019/10/枡崩し.jpg,"
枡崩し"
https://kamondb.com/wp/wp-content/uploads/2019/10/15-46.gif,"
三つ寄せ枡"
https://kamondb.com/wp/wp-content/uploads/2019/10/枡に枡掻き.jpg,"
枡に枡掻き"
https://kamondb.com/wp/wp-content/uploads/2019/10/14-48.gif,"
細輪に三つ隅合わせ枡"
https://kamondb.com/wp/wp-content/uploads/2019/10/黒田枡形に月-1.jpg,"
黒田枡形に月"
https://kamondb.com/wp/wp-content/uploads/2019/10/1-143.gif,"
的"
https://kamondb.com/wp/wp-content/uploads/2019/10/2-136.gif,"
的に当たり矢"
https://kamondb.com/wp/wp-content/uploads/2019/10/3-125.gif,"
的角"
https://kamondb.com/wp/wp-content/uploads/2019/10/1-144.gif,"
豆造の丸"
https://kamondb.com/wp/wp-content/uploads/2019/10/2-137.gif,"
豆造菱"
https://kamondb.com/wp/wp-content/uploads/2019/10/三つ豆造.jpg,"
三つ豆造"
https://kamondb.com/wp/wp-content/uploads/2019/10/一筆豆造.jpg,"
一筆豆造"
https://kamondb.com/wp/wp-content/uploads/2019/10/三つ割り豆造.jpg,"
三つ割り豆造"
https://kamondb.com/wp/wp-content/uploads/2019/10/3-126.gif,"
丸に豆造桐"
https://kamondb.com/wp/wp-content/uploads/2019/10/1-145.gif,"
祇園守"
https://kamondb.com/wp/wp-content/uploads/2019/10/陽祇園守.jpg,"
陽祇園守"
https://kamondb.com/wp/wp-content/uploads/2019/10/隅立て祇園守.jpg,"
隅立て祇園守"
https://kamondb.com/wp/wp-content/uploads/2019/10/竪祇園守.jpg,"
竪祇園守"
https://kamondb.com/wp/wp-content/uploads/2019/10/丸に祇園守.jpg,"
丸に祇園守"
https://kamondb.com/wp/wp-content/uploads/2019/10/銀杏守.jpg,"
銀杏守"
https://kamondb.com/wp/wp-content/uploads/2019/10/筒守.jpg,"
筒守"
https://kamondb.com/wp/wp-content/uploads/2019/10/浮線守.jpg,"
浮線守"
https://kamondb.com/wp/wp-content/uploads/2019/10/御札守丸.jpg,"
御札守丸"
https://kamondb.com/wp/wp-content/uploads/2019/10/守鶴-1.jpg,"
守鶴"
https://kamondb.com/wp/wp-content/uploads/2019/10/1-146.gif,"
革手鞠"
https://kamondb.com/wp/wp-content/uploads/2019/10/鞠巴-1.jpg,"
鞠巴"
https://kamondb.com/wp/wp-content/uploads/2019/10/2-138.gif,"
野球鞠"
https://kamondb.com/wp/wp-content/uploads/2019/10/1-147.gif,"
鞠挟み"
https://kamondb.com/wp/wp-content/uploads/2019/10/2-139.gif,"
鞠挟みに片喰"
https://kamondb.com/wp/wp-content/uploads/2019/10/3-127.gif,"
鞠挟みに剣片喰"
https://kamondb.com/wp/wp-content/uploads/2019/10/4-116.gif,"
鞠挟みに梅鉢"
https://kamondb.com/wp/wp-content/uploads/2019/10/鞠挟みに星梅鉢-2.jpg,"
鞠挟みに星梅鉢"
https://kamondb.com/wp/wp-content/uploads/2019/10/6-93.gif,"
鞠挟みに上がり藤"
https://kamondb.com/wp/wp-content/uploads/2019/10/7-83.gif,"
鞠挟みに上がり藤"
https://kamondb.com/wp/wp-content/uploads/2019/10/5-98.gif,"
丸に鞠挟み"
https://kamondb.com/wp/wp-content/uploads/2019/10/8-78.gif,"
違い鞠挟み"
https://kamondb.com/wp/wp-content/uploads/2019/10/10-70.gif,"
一本矢"
https://kamondb.com/wp/wp-content/uploads/2019/10/11-66.gif,"
並び矢"
https://kamondb.com/wp/wp-content/uploads/2019/10/13-54.gif,"
違い矢"
https://kamondb.com/wp/wp-content/uploads/2019/10/12-61.gif,"
三つ並び矢"
https://kamondb.com/wp/wp-content/uploads/2019/10/36-20.gif,"
丸に先割れ矢"
https://kamondb.com/wp/wp-content/uploads/2019/10/丸に一本矢.jpg,"
丸に一本矢"
https://kamondb.com/wp/wp-content/uploads/2019/10/18-40.gif,"
丸に並び矢"
https://kamondb.com/wp/wp-content/uploads/2019/10/14-49.gif,"
丸に違い矢"
https://kamondb.com/wp/wp-content/uploads/2019/10/26-31.gif,"
丸に三つ矢"
https://kamondb.com/wp/wp-content/uploads/2019/10/27-28.gif,"
丸に八つ矢車"
https://kamondb.com/wp/wp-content/uploads/2019/10/1-148.gif,"
五瓜に違い矢"
https://kamondb.com/wp/wp-content/uploads/2019/10/5-99.gif,"
四方木瓜に並び矢"
https://kamondb.com/wp/wp-content/uploads/2019/10/20-36.gif,"
七つ矢車"
https://kamondb.com/wp/wp-content/uploads/2019/10/19-39.gif,"
六つ矢車"
https://kamondb.com/wp/wp-content/uploads/2019/10/33-20.gif,"
四つ矢"
https://kamondb.com/wp/wp-content/uploads/2019/10/21-36.gif,"
八つ矢車"
https://kamondb.com/wp/wp-content/uploads/2019/10/2-140.gif,"
亀甲に違い矢"
https://kamondb.com/wp/wp-content/uploads/2019/10/3-128.gif,"
亀甲に並び矢"
https://kamondb.com/wp/wp-content/uploads/2019/10/22-37.gif,"
隅切り角に違い矢"
https://kamondb.com/wp/wp-content/uploads/2019/10/16-43.gif,"
三つ重ね矢"
https://kamondb.com/wp/wp-content/uploads/2019/10/17-41.gif,"
矢尻付き三本重ね矢"
https://kamondb.com/wp/wp-content/uploads/2019/10/丸に剣三つ矢.jpg,"
丸に剣三つ矢"
https://kamondb.com/wp/wp-content/uploads/2019/10/15-47.gif,"
丸に矢尻付き違い矢1"
https://kamondb.com/wp/wp-content/uploads/2019/10/24-33.gif,"
丸に矢尻付き違い矢2"
https://kamondb.com/wp/wp-content/uploads/2019/10/矢尻付き三本違い矢.jpg,"
矢尻付き三本違い矢"
https://kamondb.com/wp/wp-content/uploads/2019/10/23-36.gif,"
鉄砲角に並び矢"
https://kamondb.com/wp/wp-content/uploads/2019/10/30-25.gif,"
矢尻付き違い矢"
https://kamondb.com/wp/wp-content/uploads/2019/10/29-26.gif,"
入れ違い矢"
https://kamondb.com/wp/wp-content/uploads/2019/10/陰違い矢.jpg,"
陰違い矢"
https://kamondb.com/wp/wp-content/uploads/2019/10/割り矢井筒-1.jpg,"
割り矢井筒"
https://kamondb.com/wp/wp-content/uploads/2019/10/斑入り割り違い矢.jpg,"
斑入り割り違い矢"
https://kamondb.com/wp/wp-content/uploads/2019/10/28-26.gif,"
矢尻付き横二本矢"
https://kamondb.com/wp/wp-content/uploads/2019/10/片桐違い矢.jpg,"
片桐違い矢"
https://kamondb.com/wp/wp-content/uploads/2019/10/34-20.gif,"
四つ矢菱"
https://kamondb.com/wp/wp-content/uploads/2019/10/35-19.gif,"
折れ矢菱"
https://kamondb.com/wp/wp-content/uploads/2019/10/4-117.gif,"
的に当たり矢"
https://kamondb.com/wp/wp-content/uploads/2019/10/八つ矢菱-1.jpg,"
八つ矢菱"
https://kamondb.com/wp/wp-content/uploads/2019/10/五つ矢扇-1.jpg,"
五つ矢扇"
https://kamondb.com/wp/wp-content/uploads/2019/10/九つ矢扇-1.jpg,"
九つ矢扇"
https://kamondb.com/wp/wp-content/uploads/2019/10/31-25.gif,"
源氏輪に並び矢"
https://kamondb.com/wp/wp-content/uploads/2019/10/32-24.gif,"
源氏輪に違い矢"
https://kamondb.com/wp/wp-content/uploads/2019/10/源氏車に矢-1.jpg,"
源氏車に矢"
https://kamondb.com/wp/wp-content/uploads/2019/10/細中陰違い矢.jpg,"
細中陰違い矢"
https://kamondb.com/wp/wp-content/uploads/2019/10/三本束ね矢.jpg,"
三本束ね矢"
https://kamondb.com/wp/wp-content/uploads/2019/10/斑入り違い矢.jpg,"
斑入り違い矢"
https://kamondb.com/wp/wp-content/uploads/2019/10/37-20.gif,"
中陰六つ矢車"
https://kamondb.com/wp/wp-content/uploads/2019/10/38-20.gif,"
十二矢車"
https://kamondb.com/wp/wp-content/uploads/2019/10/斑入り三本重ね矢.jpg,"
斑入り三本重ね矢"
https://kamondb.com/wp/wp-content/uploads/2019/10/抱き矢に三つ巴-1.jpg,"
抱き矢に三つ巴"
https://kamondb.com/wp/wp-content/uploads/2019/10/斑入り矢尻付き五つ矢.jpg,"
斑入り矢尻付き五つ矢"
https://kamondb.com/wp/wp-content/uploads/2019/10/4-118.gif,"
糸輪に一つ矢尻"
https://kamondb.com/wp/wp-content/uploads/2019/10/7-84.gif,"
六つ矢尻"
https://kamondb.com/wp/wp-content/uploads/2019/10/矢尻付き三本違い矢-1.jpg,"
矢尻付き三本違い矢"
https://kamondb.com/wp/wp-content/uploads/2019/10/1-149.gif,"
丸に矢尻付き違い矢1"
https://kamondb.com/wp/wp-content/uploads/2019/10/2-141.gif,"
矢尻付き三本重ね矢"
https://kamondb.com/wp/wp-content/uploads/2019/10/3-129.gif,"
丸に矢尻付き違い矢2"
https://kamondb.com/wp/wp-content/uploads/2019/10/斑入り矢尻付き五つ矢-1.jpg,"
斑入り矢尻付き五つ矢"
https://kamondb.com/wp/wp-content/uploads/2019/10/6-94.gif,"
矢尻付き違い矢"
https://kamondb.com/wp/wp-content/uploads/2019/10/8-79.gif,"
矢尻付き三つ矢筈"
https://kamondb.com/wp/wp-content/uploads/2019/10/5-100.gif,"
矢尻付き横二本矢"
https://kamondb.com/wp/wp-content/uploads/2019/10/矢筈.jpg,"
矢筈"
https://kamondb.com/wp/wp-content/uploads/2019/10/並び矢筈.jpg,"
並び矢筈"
https://kamondb.com/wp/wp-content/uploads/2019/10/陰矢筈.jpg,"
陰矢筈"
https://kamondb.com/wp/wp-content/uploads/2019/10/三つ重ね並び矢筈.jpg,"
三つ重ね並び矢筈"
https://kamondb.com/wp/wp-content/uploads/2019/10/10-71.gif,"
矢尻付き三つ矢筈"
https://kamondb.com/wp/wp-content/uploads/2019/10/9-74.gif,"
剣三つ矢筈"
https://kamondb.com/wp/wp-content/uploads/2019/10/1-150.gif,"
丸に矢筈"
https://kamondb.com/wp/wp-content/uploads/2019/10/2-142.gif,"
違い矢筈"
https://kamondb.com/wp/wp-content/uploads/2019/10/3-130.gif,"
丸に違い矢筈"
https://kamondb.com/wp/wp-content/uploads/2019/10/4-119.gif,"
丸に並び矢筈"
https://kamondb.com/wp/wp-content/uploads/2019/10/6-95.gif,"
丸に中陰矢筈"
https://kamondb.com/wp/wp-content/uploads/2019/10/三つ追い矢筈.jpg,"
三つ追い矢筈"
https://kamondb.com/wp/wp-content/uploads/2019/10/8-80.gif,"
三つ入れ違い矢筈"
https://kamondb.com/wp/wp-content/uploads/2019/10/三つ並び矢筈.jpg,"
三つ並び矢筈"
https://kamondb.com/wp/wp-content/uploads/2019/10/5-101.gif,"
折れ矢筈"
https://kamondb.com/wp/wp-content/uploads/2019/10/7-85.gif,"
入れ違い矢筈"
https://kamondb.com/wp/wp-content/uploads/2019/10/1-151.gif,"
丸に二つ弓"
https://kamondb.com/wp/wp-content/uploads/2019/10/2-143.gif,"
四つ弓菱"
https://kamondb.com/wp/wp-content/uploads/2019/10/3-131.gif,"
五つ弓"
https://kamondb.com/wp/wp-content/uploads/2019/10/違い弓.jpg,"
違い弓"
https://kamondb.com/wp/wp-content/uploads/2019/10/平岩弓の字.jpg,"
平岩弓の字"
https://kamondb.com/wp/wp-content/uploads/2019/10/3-113.gif,"
二つ輪鼓"
https://kamondb.com/wp/wp-content/uploads/2019/10/三つ並び立鼓.jpg,"
三つ並び輪鼓"
https://kamondb.com/wp/wp-content/uploads/2019/10/4-105.gif,"
三つ盛り輪鼓"
https://kamondb.com/wp/wp-content/uploads/2019/10/2-122.gif,"
丸に輪鼓"
https://kamondb.com/wp/wp-content/uploads/2019/10/11-62.gif,"
変わり輪鼓"
https://kamondb.com/wp/wp-content/uploads/2019/10/四つ立鼓.jpg,"
四つ輪鼓"
https://kamondb.com/wp/wp-content/uploads/2019/10/8-72.gif,"
丸に中陰輪鼓"
https://kamondb.com/wp/wp-content/uploads/2019/10/10-65.gif,"
亀甲輪鼓"
https://kamondb.com/wp/wp-content/uploads/2019/10/9-68.gif,"
三つ寄せ輪鼓"
https://kamondb.com/wp/wp-content/uploads/2019/10/1-152.gif,"
輪宝"
https://kamondb.com/wp/wp-content/uploads/2019/10/五つ輪宝.jpg,"
五つ輪宝"
https://kamondb.com/wp/wp-content/uploads/2019/10/2-144.gif,"
六つ輪宝"
https://kamondb.com/wp/wp-content/uploads/2019/10/6-96.gif,"
大日輪宝"
https://kamondb.com/wp/wp-content/uploads/2019/10/行者輪宝.jpg,"
行者輪宝"
https://kamondb.com/wp/wp-content/uploads/2019/10/4-120.gif,"
真言宗輪宝"
https://kamondb.com/wp/wp-content/uploads/2019/10/5-102.gif,"
筆形輪宝"
https://kamondb.com/wp/wp-content/uploads/2019/10/輪宝菱-1.jpg,"
輪宝菱"
https://kamondb.com/wp/wp-content/uploads/2019/10/三つ割り輪宝.jpg,"
三つ割り輪宝"
https://kamondb.com/wp/wp-content/uploads/2019/10/成田輪宝.jpg,"
成田輪宝"
https://kamondb.com/wp/wp-content/uploads/2019/10/3-132.gif,"
三宅輪宝"
https://kamondb.com/wp/wp-content/uploads/2019/10/加納輪宝.jpg,"
加納輪宝"
https://kamondb.com/wp/wp-content/uploads/2019/10/変わり加納輪宝.jpg,"
変わり加納輪宝"
https://kamondb.com/wp/wp-content/uploads/2019/10/1-153.gif,"
丸に一つ蝋燭"
https://kamondb.com/wp/wp-content/uploads/2019/10/2-145.gif,"
丸に二つ蝋燭"
https://kamondb.com/wp/wp-content/uploads/2019/10/太輪に違い蝋燭.jpg,"
太輪に違い蝋燭"
https://kamondb.com/wp/wp-content/uploads/2019/10/3-133.gif,"
細輪に三つ蝋燭"
https://kamondb.com/wp/wp-content/uploads/2019/10/糸輪に三つ違い蝋燭-1.jpg,"
糸輪に三つ違い蝋燭"
https://kamondb.com/wp/wp-content/uploads/2019/10/石持ち地抜き蝋燭.jpg,"
石持ち地抜き蝋燭"
https://kamondb.com/wp/wp-content/uploads/2019/10/三つ割り蝋燭.jpg,"
三つ割り蝋燭"
https://kamondb.com/wp/wp-content/uploads/2019/10/中輪に三つ盛り蝋燭-1.jpg,"
中輪に三つ盛り蝋燭"
https://kamondb.com/wp/wp-content/uploads/2019/10/1-154.gif,"
結綿"
https://kamondb.com/wp/wp-content/uploads/2019/10/2-146.gif,"
変わり結綿"
https://kamondb.com/wp/wp-content/uploads/2019/10/3-134.gif,"
二つ結綿"
https://kamondb.com/wp/wp-content/uploads/2019/10/4-121.gif,"
結綿菱"
https://kamondb.com/wp/wp-content/uploads/2019/10/5-103.gif,"
丸に対い結綿"
https://kamondb.com/wp/wp-content/uploads/2019/10/紐付き結綿.jpg,"
紐付き結綿"
https://kamondb.com/wp/wp-content/uploads/2019/10/7-86.gif,"
三つ寄せ結綿"
https://kamondb.com/wp/wp-content/uploads/2019/10/6-97.gif,"
三つ割り結綿"
